Make,Model,Price,Mileage,Location,Deal,ValueBenchmark
nissan,patrol,319484,31962, Dubai,Average,23.55
toyota,rav-4,83096,132336, Dubai,Average,22.64
jeep,wrangler,208842,44718, Dubai,Average,23.12
mercedes-benz,g-class,1146454,111307, Dubai,Average,25.34
bmw,7-series,325291,94275, Dubai,Average,23.72
land-rover,defender,202658,51648, Dubai,Good,24.57
nissan,navara,42050,35569, Sharjah,Good,22.03
gmc,sierra,156496,28783, Dubai,Good,23.25
land-rover,range-rover,238164,104474, Ajman,Average,24.01
volkswagen,id4,155971,254689, Dubai,Bad,23.41
mercedes-benz,slk-class,76004,48166, Dubai,Average,22.16
mitsubishi,pajero,93057,148161, Dubai,Bad,22.38
hyundai,accent,27803,234050, Sharjah,Average,22.63
toyota,hiace,44369,289359, Dubai,Average,22.85
ford,ranger,56758,54390, Dubai,Good,23.16
ford,f-series-pickup,480800,109226, Dubai,Bad,23.73
porsche,boxster,277718,48830, Dubai,Average,23.73
chevrolet,aveo,47287,104501, Dubai,Bad,21.5
ford,bronco,319886,15368, Dubai,Good,24.09
porsche,cayenne,126915,125452, Dubai,Average,23.65
toyota,hilux,72631,228962, Sharjah,Average,23.06
mercedes-benz,g-class,264781,80364, Dubai,Good,25.34
mercedes-benz,g-class,243760,12254, Dubai,Average,25.34
nissan,patrol,127916,134955, Sharjah,Average,23.55
ford,mustang,85244,35289, Dubai,Good,22.99
ford,f-series-pickup,148432,35918, Dubai,Good,23.73
honda,pilot,58598,118907, Dubai,Average,22.71
bmw,x4,270139,55316, Dubai,Good,24.28
bmw,7-series,302064,77718, Abu Dhabi,Average,23.72
mercedes-benz,s-class-coupe,273897,22718, Ajman,Good,24.54
chevrolet,silverado,99774,242144, Abu Dhabi,Bad,23.09
nissan,patrol,82547,192095, Abu Dhabi,Good,23.55
hyundai,santa-fe,33722,128205, Dubai,Average,22.65
chevrolet,camaro,136313,229018, Dubai,Bad,23.14
lamborghini,huracan,787848,90482, Dubai,Good,25.57
lexus,lx600,619809,186702, Dubai,Average,25.37
mercedes-benz,e-class,294464,37810, Dubai,Average,23.28
toyota,yaris,38612,213504, Dubai,Average,22.4
mercedes-benz,g-class,950312,189779, Dubai,Average,25.34
toyota,yaris,40034,116282, Dubai,Average,22.4
nissan,patrol,301072,81811, Sharjah,Average,23.55
hyundai,tucson,52086,144924, Dubai,Average,22.72
toyota,86,41454,285577, Dubai,Average,22.75
honda,odyssey,67399,283505, Dubai,Bad,22.36
infiniti,q70,63909,135958, Dubai,Average,23.13
land-rover,range-rover-sport,325701,87386, Dubai,Average,23.66
lotus,evora,448606,200049, Dubai,Bad,24.38
land-rover,range-rover,93546,199048, Dubai,Average,24.01
mercedes-benz,gle-coupe,148944,41964, Dubai,Average,24.27
bentley,continental-gt,197706,165771, Dubai,Average,24.83
mercedes-benz,e-class,54622,53464, Abu Dhabi,Good,23.28
nissan,pathfinder,16911,264805, Dubai,Bad,22.46
bmw,x5,394054,269496, Dubai,Bad,23.44
mercedes-benz,g-class,1030352,271199, Dubai,Bad,25.34
bmw,x5,145105,72884, Dubai,Average,23.44
bmw,x6,151904,51945, Dubai,Average,23.4
nissan,maxima,69274,182714, Dubai,Good,22.71
lexus,gx-series,100109,50028, Dubai,Good,23.27
mercedes-benz,g-class,987595,50843, Dubai,Average,25.34
nissan,patrol,87927,229332, Dubai,Average,23.55
maserati,ghibli,102859,228810, Dubai,Average,23.81
toyota,prado,100938,182286, Dubai,Average,23.27
mercedes-benz,s-class,76768,60640, Dubai,Good,23.83
audi,tt,32676,230904, Dubai,Average,22.61
ford,edge,95688,143227, Dubai,Bad,22.31
mercedes-benz,s-class,94719,189261, Dubai,Average,23.83
dodge,charger,148520,234089, Dubai,Bad,22.92
lamborghini,urus,1339624,177914, Dubai,Average,25.98
audi,s5rs5,151880,142140, Dubai,Average,23.34
ford,fusion,13462,286016, Dubai,Average,21.7
mercedes-benz,glc,175913,251126, Dubai,Average,24.02
chevrolet,corvette,370866,38612, Abu Dhabi,Average,23.91
mercedes-benz,g-class,919710,95571, Dubai,Average,25.34
cadillac,ct6,180851,166477, Abu Dhabi,Average,23.94
toyota,land-cruiser,345678,231169, Dubai,Bad,23.75
ford,mustang,74002,297770, Sharjah,Bad,22.99
volkswagen,id4,150765,74432, Dubai,Average,23.41
toyota,hiace,88545,102452, Sharjah,Average,22.85
toyota,land-cruiser,111713,162166, Dubai,Average,23.75
mitsubishi,pajero,54510,105325, Dubai,Average,22.38
toyota,hiace,94986,96587, Dubai,Average,22.85
ford,f-series-pickup,141067,294653, Dubai,Bad,23.73
dodge,challenger,98112,98857, Abu Dhabi,Average,22.91
bmw,4-series,95874,92319, Dubai,Average,23.59
toyota,hiace,117275,66607, Dubai,Average,22.85
nissan,patrol,113084,224581, Sharjah,Average,23.55
hyundai,veloster,46190,247266, Sharjah,Bad,22.34
nissan,patrol,143662,104188, Abu Dhabi,Average,23.55
bmw,6-series,82578,70747, Dubai,Average,23.02
volkswagen,touareg,251882,43857, Dubai,Average,22.79
audi,q8,700871,163558, Dubai,Bad,24.67
chevrolet,traverse,81298,168716, Abu Dhabi,Average,22.76
mercedes-benz,g-class,1090726,291792, Dubai,Bad,25.34
mercedes-benz,e-class,267739,153413, Dubai,Bad,23.28
lamborghini,aventador,2746710,197446, Dubai,Average,26.63
lexus,rx-series,67346,271705, Dubai,Average,23.18
mercedes-benz,gle-class,456806,131523, Dubai,Average,24.33
ford,focus,43621,195922, Dubai,Bad,22.1
toyota,land-cruiser,421833,78585, Dubai,Average,23.75
bmw,3-series,34344,188429, Dubai,Average,22.79
nissan,altima,76846,25619, Dubai,Good,22.33
honda,accord,70291,276776, Dubai,Bad,22.26
porsche,carrera,473857,75748, Dubai,Average,24.85
mercedes-benz,g-class,931707,150107, Dubai,Average,25.34
nissan,sunny,31447,62719, Dubai,Average,21.84
toyota,land-cruiser,352236,160620, Dubai,Bad,23.75
mitsubishi,pajero,84707,100963, Dubai,Average,22.38
mercedes-benz,glb,261846,90139, Dubai,Average,24.34
cadillac,escalade,399790,54927, Dubai,Average,24.06
volvo,xc60,163572,225984, Dubai,Good,22.97
porsche,carrera,673808,69186, Dubai,Average,24.85
nissan,patrol,92562,258793, Dubai,Average,23.55
bmw,7-series,167793,38800, Sharjah,Bad,23.72
nissan,patrol,132070,109315, Abu Dhabi,Average,23.55
chevrolet,equinox,70039,287098, Sharjah,Bad,22.95
mercedes-benz,s-class,155874,118582, Dubai,Average,23.83
jeep,gladiator,184796,101947, Dubai,Good,24.26
porsche,cayenne,60389,203576, Dubai,Average,23.65
mercedes-benz,g-class,1206285,195775, Dubai,Bad,25.34
lincoln,mkt,35236,193859, Dubai,Average,22.53
audi,q7,67229,258654, Dubai,Average,22.96
land-rover,range-rover,180814,194818, Dubai,Average,24.01
nissan,juke,47704,254885, Dubai,Average,22.67
ferrari,599,666578,130429, Dubai,Good,25.97
toyota,corolla,31309,121199, Dubai,Average,22.41
dodge,durango,107897,288186, Sharjah,Bad,22.7
kia,telluride,115243,214766, Ajman,Average,23.73
mitsubishi,outlander,24768,91594, Dubai,Good,22.36
mercedes-benz,e-class,427651,218402, Dubai,Bad,23.28
lamborghini,huracan,824602,91950, Dubai,Average,25.57
toyota,camry,11843,119933, Sharjah,Good,22.38
land-rover,range-rover-evoque,133528,289232, Dubai,Bad,23.48
audi,a3,46819,229613, Dubai,Average,22.95
lotus,evora,448031,195127, Dubai,Bad,24.38
toyota,land-cruiser,348696,297517, Dubai,Bad,23.75
land-rover,defender,490272,107385, Dubai,Average,24.57
mercedes-benz,e-class,141166,104141, Dubai,Average,23.28
honda,civic,63058,52486, Dubai,Average,22.43
volkswagen,jetta,47540,228951, Sharjah,Bad,21.98
bmw,x5,206161,262745, Dubai,Bad,23.44
land-rover,range-rover,141659,294473, Sharjah,Average,24.01
toyota,fj-cruiser,121067,114498, Abu Dhabi,Average,22.89
land-rover,range-rover,229447,90174, Dubai,Average,24.01
mercedes-benz,s-class,1233817,134757, Dubai,Bad,23.83
jeep,cherokee,43546,224990, Sharjah,Bad,22.54
mercedes-benz,gt,306681,126730, Dubai,Good,25.2
lexus,rx-series,153329,72552, Sharjah,Average,23.18
cadillac,ats,44129,173074, Ajman,Average,22.87
nissan,patrol,68805,208704, Sharjah,Average,23.55
bmw,z4,51070,59868, Dubai,Good,23.16
chevrolet,silverado,97356,139538, Dubai,Average,23.09
nissan,altima,33763,190641, Sharjah,Average,22.33
land-rover,range-rover-sport,216436,60388, Dubai,Bad,23.66
toyota,land-cruiser,89313,10133, Sharjah,Good,23.75
porsche,macan,197106,213839, Dubai,Average,24.06
kia,sorento,72671,215815, Dubai,Bad,22.18
mitsubishi,pajero,55706,52024, Dubai,Average,22.38
honda,hr-v,82488,122156, Dubai,Average,22.72
mercedes-benz,s-class,1256404,102621, Dubai,Bad,23.83
hyundai,veloster,38737,76676, Dubai,Average,22.34
mercedes-benz,c-class,93216,79891, Dubai,Average,23.43
mercedes-benz,g-class,766280,40346, Dubai,Good,25.34
gmc,sierra,181120,12202, Dubai,Good,23.25
lamborghini,gallardo,475668,94171, Dubai,Average,24.8
nissan,tiida,11096,230093, Dubai,Average,21.78
mercedes-benz,s-class,286241,128407, Dubai,Average,23.83
nissan,murano,14987,39544, Dubai,Good,21.28
jeep,wrangler,27862,285071, Sharjah,Average,23.12
lexus,rx-series,184194,73024, Dubai,Average,23.18
nissan,x-trail,91972,206458, Dubai,Bad,22.82
mazda,3,44687,130959, Dubai,Average,22.7
mercedes-benz,s-class,205382,47984, Dubai,Good,23.83
porsche,taycan,665813,232892, Dubai,Average,25.45
toyota,land-cruiser,198890,127302, Dubai,Average,23.75
mercedes-benz,amg-gt-4-doors,479068,291481, Dubai,Average,25.25
lamborghini,huracan,1467947,23963, Dubai,Good,25.57
mercedes-benz,c-class,114777,105077, Dubai,Average,23.43
mitsubishi,attrage,41078,251522, Dubai,Bad,22.13
toyota,prado,76765,67377, Dubai,Good,23.27
mercedes-benz,a-class,74811,54572, Dubai,Good,23.43
hyundai,elantra,47850,199750, Dubai,Bad,22.28
jaguar,xe,110107,150156, Dubai,Average,23.24
mercedes-benz,g-class,823817,190670, Dubai,Average,25.34
ford,expedition,206286,223648, Dubai,Bad,23.1
porsche,cayenne,506879,168726, Dubai,Bad,23.65
land-rover,discovery,18249,223544, Dubai,Good,22.92
audi,q7,147247,106776, Dubai,Average,22.96
toyota,land-cruiser,456790,135204, Dubai,Bad,23.75
nissan,patrol,127103,234828, Abu Dhabi,Average,23.55
mazda,6,14949,161178, Dubai,Average,22.24
land-rover,lr4,77344,72475, Dubai,Average,23.14
kia,sorento,22316,75776, Dubai,Bad,22.18
lincoln,mkx,12943,221903, Dubai,Good,22.51
lexus,rx-series,48200,83351, Dubai,Good,23.18
audi,a8,64433,188065, Dubai,Average,23.13
nissan,micra,32639,162993, Dubai,Average,21.88
jaguar,xf,44641,111546, Dubai,Good,22.53
mercedes-benz,gle-class,264260,75753, Dubai,Average,24.33
gmc,yukon,106765,263000, Sharjah,Average,23.58
ford,focus,38477,60807, Dubai,Average,22.1
bmw,x5,97524,154863, Dubai,Average,23.44
ford,mustang,77575,138069, Dubai,Average,22.99
lexus,gs-series,62940,266908, Sharjah,Bad,22.3
jeep,wrangler-unlimited,186634,220712, Dubai,Bad,23.69
dodge,challenger,78024,54379, Dubai,Good,22.91
bmw,7-series,53318,73404, Dubai,Good,23.72
lexus,gx-series,104641,70382, Dubai,Average,23.27
jeep,grand-cherokee,111279,245632, Abu Dhabi,Bad,23.2
infiniti,q50,86678,212803, Dubai,Bad,22.82
dodge,charger,15263,166762, Dubai,Good,22.92
tesla,model-3,214539,158718, Dubai,Average,24.03
mercedes-benz,c-class,22649,263100, Dubai,Good,23.43
toyota,camry,100092,39938, Dubai,Average,22.38
audi,s3rs3,188726,159793, Dubai,Bad,23.4
nissan,murano,11674,99649, Dubai,Average,21.28
hyundai,elantra,51404,71049, Dubai,Average,22.28
kia,quoris,44675,241316, Dubai,Average,23.04
ford,ranger,167231,155684, Dubai,Bad,23.16
hyundai,sonata,15007,115257, Dubai,Good,22.32
mclaren,675lt,2020344,271466, Dubai,Bad,25.37
mercedes-benz,g-class,1258081,271335, Dubai,Bad,25.34
nissan,patrol,74409,161188, Ajman,Average,23.55
land-rover,range-rover,145380,134591, Dubai,Average,24.01
nissan,patrol,233671,245148, Dubai,Bad,23.55
bmw,7-series,227410,197600, Abu Dhabi,Bad,23.72
porsche,cayenne,501843,98979, Dubai,Bad,23.65
toyota,86,39214,167637, Dubai,Average,22.75
mercedes-benz,glc,162735,142730, Abu Dhabi,Average,24.02
dodge,charger,200696,138305, Sharjah,Bad,22.92
infiniti,q30,73582,86403, Dubai,Good,23.41
chevrolet,silverado,125793,254824, Sharjah,Bad,23.09
chevrolet,corvette,448226,140105, Abu Dhabi,Bad,23.91
mercedes-benz,cls-class,280913,54547, Dubai,Average,23.32
nissan,sentra,32272,33352, Dubai,Good,22.04
toyota,land-cruiser-76-series,121949,122892, Abu Dhabi,Average,23.54
toyota,rav-4,40082,196344, Sharjah,Average,22.64
land-rover,range-rover,275285,287913, Dubai,Average,24.01
audi,a5,42030,167060, Dubai,Average,23.36
ferrari,f12,787890,144518, Dubai,Average,25.19
mitsubishi,lancer,32118,69815, Dubai,Average,21.99
toyota,land-cruiser-76-series,129873,158127, Dubai,Average,23.54
bmw,6-series,66386,243919, Abu Dhabi,Average,23.02
rolls-royce,dawn,999336,163580, Dubai,Average,26.22
mercedes-benz,s-class-coupe,265986,184744, Ajman,Average,24.54
dodge,durango,25139,276134, Dubai,Average,22.7
chevrolet,captiva,37158,103970, Sharjah,Average,22.36
honda,accord,14137,286518, Dubai,Average,22.26
bmw,z4,57835,14946, Dubai,Good,23.16
hyundai,accent,35667,273985, Dubai,Average,22.63
dodge,ram,414365,84171, Sharjah,Good,23.82
honda,odyssey,65124,122833, Dubai,Average,22.36
kia,cerato,61159,81446, Sharjah,Average,22.51
bmw,8-series,384464,100975, Dubai,Average,24.45
rolls-royce,ghost,423566,114329, Dubai,Good,25.43
mercedes-benz,gle-class,181760,285852, Dubai,Average,24.33
toyota,previa,23881,120074, Dubai,Average,22.32
rolls-royce,ghost,691237,198292, Dubai,Average,25.43
mitsubishi,pajero,20623,198953, Dubai,Average,22.38
chevrolet,captiva,23789,193110, Dubai,Average,22.36
bmw,5-series,91558,77060, Dubai,Average,23.2
mercedes-benz,c-class,150584,286408, Dubai,Bad,23.43
mercedes-benz,g-class,1194693,120244, Dubai,Good,25.34
bentley,continental,315623,95770, Dubai,Average,24.16
alfa-romeo,giulia,232001,246061, Dubai,Bad,23.9
lincoln,aviator,207028,165187, Dubai,Average,23.91
land-rover,range-rover-sport,176193,206935, Dubai,Average,23.66
dodge,challenger,125280,192959, Ajman,Bad,22.91
infiniti,q30,61406,257876, Dubai,Average,23.41
lexus,lx-series,110755,185016, Sharjah,Average,23.54
mclaren,675lt,1869171,88091, Dubai,Average,25.37
nissan,versa,46078,283025, Ajman,Average,21.99
rolls-royce,phantom,357521,80002, Dubai,Good,25.69
infiniti,qx60,54627,228205, Dubai,Average,22.75
mercedes-benz,gle-coupe,501544,15535, Dubai,Good,24.27
ferrari,812-superfast,1077521,85523, Dubai,Average,25.25
mini,cooper,122331,122075, Dubai,Average,22.84
nissan,patrol,90603,112785, Sharjah,Average,23.55
jeep,wrangler,39584,231158, Sharjah,Average,23.12
dodge,charger,47890,245843, Dubai,Average,22.92
jeep,grand-cherokee,86014,256745, Dubai,Average,23.2
nissan,pathfinder,78673,25486, Dubai,Good,22.46
bmw,x4,199780,151024, Dubai,Average,24.28
lexus,lx-series,77727,10339, Sharjah,Good,23.54
land-rover,lr4,30204,23708, Dubai,Good,23.14
jaguar,f-pace,176160,212364, Dubai,Average,23.93
porsche,cayenne,244376,46081, Dubai,Average,23.65
mercedes-benz,c-class,144864,56794, Dubai,Average,23.43
audi,q7,115478,262251, Dubai,Bad,22.96
infiniti,qx70,79530,288916, Dubai,Average,23.28
nissan,patrol,79075,251123, Dubai,Average,23.55
volvo,s-class,30016,120202, Dubai,Good,22.95
mercedes-benz,s-class,228965,27252, Dubai,Good,23.83
lamborghini,urus,1568997,28162, Dubai,Good,25.98
chevrolet,equinox,62515,294611, Dubai,Bad,22.95
audi,s4rs4,180482,37826, Dubai,Average,22.81
nissan,patrol,102989,221122, Sharjah,Average,23.55
jeep,wrangler-unlimited,437297,126975, Dubai,Bad,23.69
bmw,6-series,29694,53565, Dubai,Good,23.02
kia,sportage,54695,27332, Dubai,Good,22.53
porsche,macan,142554,149769, Dubai,Average,24.06
tesla,model-3,286186,15905, Dubai,Good,24.03
nissan,patrol,155956,79034, Dubai,Average,23.55
mercedes-benz,c-class,120545,90682, Abu Dhabi,Average,23.43
nissan,patrol,106885,14769, Dubai,Good,23.55
land-rover,range-rover-sport,570879,55051, Dubai,Average,23.66
cadillac,ctscatera,79847,46174, Dubai,Good,22.88
mercedes-benz,cls-class,95509,225989,Abu Dhabi,Average,23.32
bmw,5-series,171500,223308, Ajman,Bad,23.2
volkswagen,gti,96720,228725, Dubai,Bad,22.68
maybach,57,325784,59092, Dubai,Average,24.17
kia,telluride,103244,94676, Dubai,Good,23.73
mercedes-maybach,s-class,1373167,121484, Dubai,Average,25.8
mercedes-benz,glc,150121,88220, Dubai,Average,24.02
ford,edge,16985,64009, Dubai,Good,22.31
mercedes-benz,c-class,253150,233072, Dubai,Good,23.43
bmw,m3,360772,150162, Dubai,Average,24.33
lexus,ls-series,23376,175678, Sharjah,Average,22.21
mercedes-benz,c-class,277601,162847, Dubai,Bad,23.43
land-rover,defender,245701,47596, Dubai,Good,24.57
audi,a8,46571,78199, Dubai,Good,23.13
volvo,xc90,15223,146967, Dubai,Good,23.07
toyota,previa,72560,100573, Dubai,Average,22.32
porsche,cayenne,75500,201710, Dubai,Average,23.65
mazda,cx-9,79044,106006, Dubai,Average,22.57
mercedes-benz,c-class,204948,198828, Dubai,Bad,23.43
audi,q3,285854,55741, Dubai,Average,23.11
mercedes-benz,c-class,150261,283648, Dubai,Bad,23.43
peugeot,expert,31476,231380, Dubai,Bad,22.55
acura,rdx,89585,61814, Dubai,Good,23.26
tesla,model-3,256340,20816, Abu Dhabi,Good,24.03
lexus,lx-series,205036,98377, Dubai,Average,23.54
mercedes-benz,g-class,1146745,208128, Dubai,Bad,25.34
jeep,wrangler,125879,31652, Dubai,Good,23.12
mercedes-benz,g-class,793384,168548, Dubai,Average,25.34
tesla,model-3,165898,184924, Dubai,Average,24.03
mercedes-benz,s-class,43134,237176, Dubai,Good,23.83
bmw,x5,105605,10205, Abu Dhabi,Good,23.44
bmw,x6,83644,271026, Dubai,Bad,23.4
gmc,sierra,119772,120276, Dubai,Average,23.25
jaguar,xf,20438,13844, Abu Dhabi,Good,22.53
dodge,challenger,61557,33377, Dubai,Good,22.91
gmc,yukon,172580,272942, Dubai,Bad,23.58
toyota,land-cruiser,291474,33398, Dubai,Good,23.75
rolls-royce,phantom,2394561,123667, Dubai,Average,25.69
land-rover,lr3,34872,281880, Dubai,Bad,22.21
tesla,model-3,189134,68107, Dubai,Good,24.03
nissan,sentra,32657,136684, Dubai,Average,22.04
toyota,rav-4,71008,107396, Sharjah,Average,22.64
toyota,land-cruiser,178018,144261, Dubai,Average,23.75
bmw,4-series,137935,157374, Dubai,Good,23.59
porsche,panamera,372478,78888, Dubai,Average,23.6
mercedes-benz,glc,181645,55474, Dubai,Good,24.02
volkswagen,id6,168001,299883, Dubai,Average,23.97
audi,q5,86734,247991, Dubai,Bad,22.66
cadillac,escalade,534239,90559, Dubai,Average,24.06
nissan,patrol,165451,277888, Dubai,Bad,23.55
bmw,4-series,145474,43599, Dubai,Good,23.59
bmw,x5,185190,155050, Dubai,Average,23.44
toyota,camry,149601,147071, Dubai,Bad,22.38
jaguar,other,52168,254453, Dubai,Bad,22.02
land-rover,range-rover,314377,175281, Dubai,Bad,24.01
jeep,other,401324,66047, Dubai,Good,25
mercedes-benz,c-class,36901,292549, Dubai,Average,23.43
porsche,cayenne,445051,240738, Dubai,Bad,23.65
ford,mustang,69414,227418, Sharjah,Average,22.99
infiniti,q80,154494,284178, Dubai,Bad,23.57
honda,civic,48629,261262, Dubai,Bad,22.43
mercedes-benz,s-class,18353,216086, Dubai,Good,23.83
jeep,wrangler,64147,96666, Sharjah,Average,23.12
jeep,wrangler-unlimited,123859,178065, Sharjah,Average,23.69
mercedes-benz,gl-class,127626,46058, Dubai,Average,23.04
bmw,6-series,99011,35320, Dubai,Good,23.02
nissan,tiida,21783,206721, Dubai,Average,21.78
nissan,patrol,93429,262480, Dubai,Good,23.55
ford,f-series-pickup,67644,298292, Abu Dhabi,Average,23.73
mitsubishi,montero-sport,58165,252214, Sharjah,Average,23.21
mercedes-benz,e-class,56035,233839, Dubai,Average,23.28
mitsubishi,lancer,11808,162059, Dubai,Average,21.99
mercedes-benz,s-class,58453,274327, Abu Dhabi,Average,23.83
land-rover,defender,264294,55033, Dubai,Good,24.57
ford,explorer,50357,87172, Dubai,Average,22.68
jeep,wrangler-unlimited,84736,91526, Sharjah,Good,23.69
lexus,lx600,593519,233793, Dubai,Average,25.37
toyota,rush,54236,123354, Dubai,Average,22.83
nissan,patrol,112580,131674, Sharjah,Average,23.55
mini,countryman,86925,191569, Ajman,Average,23.16
bmw,7-series,58285,83498, Dubai,Good,23.72
jeep,grand-cherokee,162770,228828, Dubai,Bad,23.2
ford,explorer,36106,64043, Dubai,Good,22.68
gmc,yukon,129586,46710, Dubai,Good,23.58
mercedes-benz,gle-coupe,228615,189019, Ajman,Average,24.27
audi,s3rs3,158764,49053, Dubai,Average,23.4
mclaren,650s,564391,51717, Dubai,Bad,24.58
land-rover,range-rover-sport,56692,63085, Dubai,Good,23.66
mercedes-benz,cls-class,94226,136325, Dubai,Average,23.32
land-rover,range-rover,489262,96974, Dubai,Good,24.01
subaru,wrx,120193,252893, Dubai,Bad,23.24
honda,hr-v,69207,275154, Dubai,Bad,22.72
toyota,camry,63196,277631, Dubai,Bad,22.38
lamborghini,urus,1427415,222466, Dubai,Average,25.98
chevrolet,malibu,33938,157419, Dubai,Average,21.83
audi,q7,58954,280760, Abu Dhabi,Average,22.96
toyota,prado,56413,124776, Sharjah,Average,23.27
toyota,rav-4,61628,289062, Dubai,Bad,22.64
cadillac,xt6,227172,268274, Dubai,Average,24.54
lexus,gx-series,225504,33552, Dubai,Average,23.27
mercedes-benz,g-class,1021670,87786, Dubai,Average,25.34
audi,s3rs3,191599,145925, Dubai,Average,23.4
land-rover,range-rover,1346655,168960, Dubai,Bad,24.01
bmw,4-series,83661,217333, Dubai,Average,23.59
nissan,altima,38039,283826, Dubai,Bad,22.33
toyota,prado,93265,49846, Dubai,Good,23.27
lexus,is-series,20026,169653, Sharjah,Good,22.79
land-rover,range-rover-sport,163943,89115, Dubai,Average,23.66
jeep,wrangler-unlimited,302370,96573, Dubai,Average,23.69
audi,q8,801032,22491, Dubai,Good,24.67
nissan,patrol,69215,21025, Dubai,Average,23.55
bmw,6-series,194880,78110, Abu Dhabi,Bad,23.02
toyota,land-cruiser,506918,209236, Dubai,Bad,23.75
porsche,carrera,236736,57935, Dubai,Good,24.85
nissan,patrol,120741,29587, Dubai,Good,23.55
mercedes-benz,g-class,667527,65637, Dubai,Good,25.34
toyota,prado,278320,43167, Dubai,Average,23.27
porsche,carrera,156017,132468, Dubai,Bad,24.85
maserati,quattroporte,108134,179752, Dubai,Average,23.68
nissan,armada,29434,172027, Dubai,Average,22.21
lincoln,mkx,88797,32057, Dubai,Average,22.51
nissan,x-trail,51073,27423, Abu Dhabi,Good,22.82
rolls-royce,cullinan,1981429,124899, Dubai,Average,26.41
toyota,hilux,183224,85138, Dubai,Average,23.06
bentley,continental,413614,85736, Dubai,Average,24.16
lexus,lx-series,352715,219276, Dubai,Bad,23.54
toyota,land-cruiser,123051,281199, Sharjah,Average,23.75
mitsubishi,pajero,77306,61805, Dubai,Good,22.38
land-rover,range-rover-evoque,87904,166978, Dubai,Bad,23.48
lexus,gx-series,60454,208105, Sharjah,Average,23.27
chevrolet,camaro,138127,105093, Dubai,Average,23.14
mercedes-benz,c-class,118557,84796, Sharjah,Average,23.43
honda,accord,23526,48101, Dubai,Good,22.26
mitsubishi,montero-sport,77176,175210, Dubai,Average,23.21
toyota,land-cruiser,277801,140239, Dubai,Average,23.75
ford,edge,30574,115507, Dubai,Average,22.31
ford,pickup,324037,277603, Dubai,Bad,23.79
mazda,cx-5,91191,95576, Dubai,Average,22.68
land-rover,range-rover-sport,125642,269268, Dubai,Average,23.66
toyota,land-cruiser,220428,194002,Abu Dhabi,Bad,23.75
toyota,corolla,66191,90167,Abu Dhabi,Average,22.41
nissan,sunny,16966,64551, Dubai,Good,21.84
bmw,m3,203314,12545, Dubai,Good,24.33
mercedes-benz,e-class,135062,213364, Dubai,Bad,23.28
honda,accord,67041,182854, Abu Dhabi,Bad,22.26
audi,rs6,1349414,221179, Dubai,Bad,24.75
bmw,x6,68394,138890, Dubai,Average,23.4
ford,mustang,73465,152994, Dubai,Average,22.99
mclaren,mp412c,280834,235047, Dubai,Average,24.4
volvo,v-class,52577,154873, Dubai,Good,23.06
chevrolet,silverado,43194,233934, Dubai,Average,23.09
land-rover,range-rover-evoque,207800,122357, Dubai,Average,23.48
ford,figo,29721,55742, Dubai,Average,21.61
audi,q7,175134,89920, Dubai,Average,22.96
infiniti,q30,94045,137253, Dubai,Average,23.41
mercedes-benz,gla,168724,296414, Dubai,Bad,23.64
jaguar,xkr,57515,202961, Dubai,Average,23.18
nissan,sunny,18732,38653, Dubai,Good,21.84
mercedes-benz,s-class,762679,120295, Dubai,Bad,23.83
chevrolet,other,61482,115483, Dubai,Average,23.3
land-rover,range-rover,486792,269663, Dubai,Bad,24.01
infiniti,fx50,18563,35996, Ajman,Good,21.86
toyota,prado,43372,281628, Dubai,Average,23.27
audi,s3rs3,104998,172403, Dubai,Average,23.4
gmc,yukon,120125,36039, Sharjah,Good,23.58
ford,fusion,33432,144652, Dubai,Average,21.7
land-rover,range-rover,171544,73118, Dubai,Good,24.01
infiniti,qx60,63191,35784, Dubai,Good,22.75
lexus,nx-300,91588,107811, Dubai,Average,23.35
nissan,patrol,71822,230548, Dubai,Average,23.55
toyota,yaris,52167,20896, Dubai,Good,22.4
ferrari,599gtb,394950,193676, Dubai,Average,24.8
jeep,gladiator,249533,298500, Dubai,Bad,24.26
land-rover,range-rover,226567,109751, Dubai,Average,24.01
toyota,land-cruiser,323531,36366, Dubai,Average,23.75
mercedes-benz,g-class,1239731,48096, Dubai,Good,25.34
rolls-royce,silver-spur,80785,258801, Dubai,Average,23.34
nissan,sentra,38368,17833, Dubai,Good,22.04
toyota,land-cruiser,183709,135552, Dubai,Average,23.75
land-rover,range-rover-sport,188555,108366, Dubai,Bad,23.66
jeep,wrangler,53402,147371, Dubai,Average,23.12
ford,figo,24836,166504, Dubai,Average,21.61
mclaren,570gt,552371,18720, Dubai,Good,24.91
dodge,challenger,64476,177983, Sharjah,Average,22.91
toyota,land-cruiser,246459,271400, Dubai,Bad,23.75
dodge,charger,19797,65691, Dubai,Good,22.92
mitsubishi,montero-sport,49160,188576, Dubai,Average,23.21
lamborghini,urus,2306721,122898, Dubai,Average,25.98
mercedes-benz,gle-coupe,506384,51007, Dubai,Average,24.27
porsche,carrera,717197,106916, Dubai,Average,24.85
jeep,wrangler,111482,174468, Dubai,Average,23.12
ford,f-series-pickup,84799,68687, Abu Dhabi,Good,23.73
nissan,patrol,112638,237604, Dubai,Average,23.55
mercedes-benz,e-class,46293,127970, Dubai,Good,23.28
audi,a6,50734,120968, Dubai,Average,22.62
mercedes-benz,g-class,1448621,106464, Dubai,Average,25.34
maserati,ghibli,170569,107409, Dubai,Average,23.81
tesla,model-3,245474,215259, Dubai,Average,24.03
porsche,cayenne,545344,33630, Dubai,Average,23.65
peugeot,207,17156,238419, Dubai,Average,21.88
land-rover,range-rover,192824,12633, Dubai,Good,24.01
volkswagen,touareg,77402,132610, Dubai,Average,22.79
chevrolet,pickup,34182,132707, Dubai,Average,22.24
mercedes-benz,s-class,45054,268185, Sharjah,Average,23.83
land-rover,range-rover-sport,288478,108151, Dubai,Average,23.66
toyota,hilux,91845,137617, Dubai,Average,23.06
ferrari,599,4728227,64274, Dubai,Average,25.97
mercedes-benz,amg-gt-4-doors,483720,208115, Dubai,Average,25.25
porsche,macan,135755,19845, Dubai,Good,24.06
toyota,camry,68085,13620, Umm Al Qawain,Good,22.38
audi,a4,40390,218131, Dubai,Average,22.63
mercedes-benz,e-class,158892,156608, Dubai,Average,23.28
porsche,carrera,979072,298875, Dubai,Bad,24.85
toyota,hilux,89467,121167, Dubai,Average,23.06
dodge,ram,477337,71123, Dubai,Average,23.82
mercedes-benz,s-class,208516,115340, Dubai,Average,23.83
toyota,prado,65313,127608, Dubai,Average,23.27
jeep,grand-cherokee,29776,266722, Dubai,Average,23.2
mini,cooper,120713,112315, Dubai,Average,22.84
mercedes-benz,s-class,553016,200757, Dubai,Bad,23.83
mercedes-benz,gt,1936958,114561, Dubai,Bad,25.2
toyota,hilux,58684,95152, Dubai,Average,23.06
mercedes-benz,cla,287398,289492, Dubai,Bad,23.56
hyundai,h1,23182,229383, Dubai,Average,22.18
kia,cadenza,30319,194271, Dubai,Average,22.35
dodge,durango,78239,126353, Dubai,Average,22.7
ford,explorer,44153,213620, Dubai,Average,22.68
toyota,land-cruiser,135027,223437, Dubai,Average,23.75
land-rover,range-rover,460904,29781, Ajman,Average,24.01
land-rover,range-rover-sport,152809,120625, Dubai,Average,23.66
mercedes-benz,e-class,25870,40092, Sharjah,Good,23.28
mercedes-benz,e-class,236572,138622, Dubai,Bad,23.28
ford,mustang,72561,234717, Dubai,Average,22.99
lexus,lx-series,157624,24531, Dubai,Good,23.54
land-rover,range-rover,32787,97519, Dubai,Good,24.01
toyota,land-cruiser,119539,170416, Dubai,Average,23.75
mercedes-benz,gl-class,120721,220931, Dubai,Bad,23.04
infiniti,q80,263445,109944, Dubai,Average,23.57
nissan,patrol,92072,167151, Dubai,Average,23.55
ford,pickup,122901,225389, Ajman,Average,23.79
bmw,7-series,327020,240143, Dubai,Bad,23.72
mg,rx5,63302,277240, Dubai,Average,22.92
honda,cr-v,59978,245919, Dubai,Average,22.81
toyota,avanza,38731,213982, Dubai,Bad,22.13
mercedes-benz,c-class,95173,161682, Dubai,Average,23.43
nissan,pathfinder,68750,205357, Dubai,Bad,22.46
lincoln,town-car,13938,68430, Sharjah,Average,20.68
ford,mustang,41042,75548, Dubai,Good,22.99
toyota,corolla,57779,92098, Dubai,Average,22.41
rolls-royce,cullinan,2226036,19775, Dubai,Good,26.41
honda,pilot,60741,121705, Dubai,Average,22.71
nissan,altima,57883,70602,Abu Dhabi,Average,22.33
toyota,prado,100251,145787, Dubai,Average,23.27
dodge,durango,60587,158154, Dubai,Average,22.7
ford,shelby-cobra,260001,30160, Dubai,Average,23.39
mercedes-benz,gla,111295,148766, Dubai,Average,23.64
lincoln,navigator,264972,129834, Dubai,Average,24.23
mercedes-benz,s-class,241598,259267, Ajman,Bad,23.83
nissan,patrol,107788,228929, Dubai,Average,23.55
volkswagen,passat,32655,14011, Dubai,Good,22.03
mercedes-benz,glc,194020,299072, Dubai,Bad,24.02
ford,ranger,99631,290758, Dubai,Bad,23.16
mitsubishi,asx,28227,93451, Dubai,Average,22.17
ferrari,488-gtb,690224,259100, Dubai,Average,25.55
lexus,lx-series,144202,242918, Dubai,Bad,23.54
mercedes-benz,e-class,185250,220158, Dubai,Bad,23.28
mercedes-benz,g-class,157935,144959, Dubai,Good,25.34
toyota,hilux,90593,238734, Dubai,Bad,23.06
mini,countryman,69803,264344, Dubai,Average,23.16
mitsubishi,pajero,15569,168438, Dubai,Good,22.38
chevrolet,camaro,75636,84817, Sharjah,Average,23.14
volkswagen,id4,114234,56324, Dubai,Good,23.41
lamborghini,gallardo,430181,156977, Dubai,Average,24.8
ford,f-series-pickup,298131,237206, Dubai,Bad,23.73
toyota,hilux,57723,262482, Dubai,Average,23.06
toyota,fj-cruiser,133378,276862, Dubai,Bad,22.89
audi,a5,43091,285021, Dubai,Average,23.36
nissan,patrol,443591,255237, Dubai,Bad,23.55
mercedes-benz,s-class,175455,62822, Dubai,Average,23.83
lincoln,mkx,46936,229991, Abu Dhabi,Average,22.51
chevrolet,corvette,101384,208086, Dubai,Average,23.91
lexus,rx-series,211475,150679, Dubai,Average,23.18
chevrolet,tahoe,98201,71569, Dubai,Average,23.26
bmw,3-series,73927,97800, Dubai,Average,22.79
maserati,levante,248540,214945, Dubai,Bad,23.91
mercedes-benz,c-class,115821,38447, Sharjah,Good,23.43
mercedes-benz,e-class,39734,85761,Sharjah,Good,23.28
chevrolet,tahoe,157859,69561, Abu Dhabi,Average,23.26
toyota,corolla,48086,163010,Abu Dhabi,Average,22.41
mercedes-benz,g-class,209225,105342, Abu Dhabi,Good,25.34
toyota,land-cruiser,166268,278660, Abu Dhabi,Good,23.75
mercedes-benz,amg-gt-4-doors,517761,288620, Dubai,Average,25.25
nissan,sentra,39591,63273, Dubai,Average,22.04
renault,koleos,63352,90512, Dubai,Average,22.17
nissan,altima,68854,55204, Dubai,Average,22.33
toyota,land-cruiser,357102,267243, Dubai,Bad,23.75
ford,edge,47562,239356, Dubai,Bad,22.31
chevrolet,captiva,27858,103048, Sharjah,Average,22.36
jeep,wrangler,90621,50836, Dubai,Good,23.12
toyota,fortuner,62214,249260, Dubai,Average,23.02
jaguar,xf,74622,39562, Dubai,Good,22.53
land-rover,lr4,134989,264006, Dubai,Bad,23.14
porsche,cayman,329997,186968, Abu Dhabi,Bad,23.9
audi,a8,94925,21490, Abu Dhabi,Good,23.13
porsche,cayenne,94989,127460, Dubai,Average,23.65
gmc,yukon,125335,262777, Dubai,Average,23.58
nissan,patrol,85048,47632, Dubai,Good,23.55
jeep,wrangler-unlimited,107643,81431, Sharjah,Good,23.69
ferrari,599,4002508,194137, Dubai,Bad,25.97
nissan,pathfinder,56957,62601, Abu Dhabi,Good,22.46
nissan,patrol,186278,32202, Sharjah,Good,23.55
ferrari,california-t,536167,140559, Dubai,Average,24.56
land-rover,range-rover-sport,331171,57279, Dubai,Average,23.66
volvo,xc90,250100,132063, Dubai,Bad,23.07
infiniti,q80,51983,251296, Dubai,Average,23.57
land-rover,defender,492355,54674, Dubai,Average,24.57
land-rover,lr4,45267,156014, Abu Dhabi,Average,23.14
mitsubishi,pajero,47713,235336, Dubai,Bad,22.38
land-rover,range-rover-sport,23168,81639, Dubai,Good,23.66
mercedes-benz,c-class,202537,295711, Dubai,Bad,23.43
nissan,altima,41314,170778, Abu Dhabi,Average,22.33
bmw,x5,90059,269403, Dubai,Good,23.44
toyota,prado,187205,182808, Dubai,Bad,23.27
nissan,maxima,57794,22771, Sharjah,Good,22.71
mazda,3,43049,98917, Dubai,Average,22.7
nissan,altima,65545,181988, Dubai,Bad,22.33
audi,a8,104534,68007, Dubai,Average,23.13
ford,edge,22406,62692, Dubai,Average,22.31
mitsubishi,pajero,55629,78720, Dubai,Average,22.38
ford,edge,52404,252830, Dubai,Bad,22.31
ford,edge,31439,142081, Dubai,Good,22.31
gmc,sierra,59260,167647, Sharjah,Average,23.25
mercedes-benz,e-class,73463,27985, Dubai,Good,23.28
aston-martin,dbs,1111972,240548, Dubai,Average,26.22
toyota,land-cruiser,98296,150744, Abu Dhabi,Average,23.75
bentley,continental,336833,52738, Dubai,Average,24.16
porsche,cayenne,84319,152943, Dubai,Bad,23.65
bmw,x5,69459,221824, Dubai,Average,23.44
mini,cooper,24224,137969, Abu Dhabi,Good,22.84
mercedes-benz,cl-class,125639,10222, Ajman,Good,22.3
toyota,tundra,170067,260580, Sharjah,Bad,23.3
cadillac,escalade,20077,122922, Dubai,Good,24.06
jeep,wrangler,115621,45956, Dubai,Good,23.12
bmw,x6,315404,92293, Dubai,Average,23.4
hyundai,tucson,71762,214470, Dubai,Bad,22.72
mercedes-benz,g-class,1133333,192827, Dubai,Bad,25.34
jeep,wrangler-unlimited,106062,163917, Dubai,Average,23.69
toyota,land-cruiser,478418,168484, Dubai,Bad,23.75
ford,ecosport,38954,36808, Dubai,Good,21.79
mitsubishi,l200,60891,51594, Dubai,Average,22.24
land-rover,range-rover,678836,237947, Dubai,Bad,24.01
toyota,hiace,48082,119795, Dubai,Average,22.85
ford,f-series-pickup,164728,148383, Sharjah,Average,23.73
audi,q7,73243,275896, Dubai,Bad,22.96
volkswagen,golf,26253,210725, Abu Dhabi,Average,23.12
lexus,gx-series,147115,193338, Dubai,Bad,23.27
toyota,camry,68009,26116, Dubai,Good,22.38
land-rover,range-rover,220918,103614, Sharjah,Average,24.01
mitsubishi,pajero,17710,184662, Dubai,Average,22.38
nissan,xterra,103783,288578, Dubai,Bad,22.53
mercedes-benz,g-class,202226,152251, Dubai,Good,25.34
mercedes-benz,c-class,299079,50443, Dubai,Average,23.43
infiniti,gseries,31277,167185, Dubai,Average,22.32
nissan,x-trail,40437,162576, Dubai,Average,22.82
nissan,altima,48722,196290, Dubai,Average,22.33
audi,q8,292527,251491, Dubai,Average,24.67
suzuki,grand-vitara,45114,142912, Dubai,Average,22.04
land-rover,range-rover,119170,78839, Sharjah,Good,24.01
land-rover,range-rover,223059,110164, Dubai,Average,24.01
renault,megane,48565,113080, Dubai,Average,22.78
jaguar,f-type,121449,200909, Dubai,Average,23.72
bmw,5-series,172658,77762, Dubai,Average,23.2
nissan,juke,39562,226322, Dubai,Average,22.67
mazda,cx-5,103001,101623, Dubai,Average,22.68
chevrolet,tahoe,32038,264289, Sharjah,Average,23.26
nissan,altima,45633,75253, Sharjah,Average,22.33
jeep,gladiator,176537,88935, Dubai,Good,24.26
bmw,6-series,78464,271448, Abu Dhabi,Bad,23.02
bmw,3-series,156680,251125, Dubai,Bad,22.79
toyota,rush,48857,257584, Dubai,Average,22.83
audi,q5,293166,264603, Dubai,Average,22.66
kia,sportage,33293,70199, Dubai,Good,22.53
porsche,carrera,871313,55657, Dubai,Average,24.85
land-rover,range-rover,112510,164620, Dubai,Good,24.01
volkswagen,other,127819,73660, Dubai,Average,23.24
toyota,hilux,86390,220321, Dubai,Average,23.06
nissan,patrol,231385,227130, Dubai,Bad,23.55
lexus,lx-series,99285,69884,Sharjah,Good,23.54
nissan,patrol,213412,53415, Dubai,Average,23.55
mercedes-benz,gls-class,1015958,190246, Dubai,Average,25.35
mercedes-benz,c-class,86346,282832, Sharjah,Average,23.43
lamborghini,urus,2245850,254968, Dubai,Bad,25.98
gmc,acadia,14514,171914, Sharjah,Average,22.23
kia,sportage,21641,238009, Sharjah,Average,22.53
nissan,patrol,80094,118878, Ajman,Average,23.55
toyota,fortuner,40473,51699, Dubai,Good,23.02
jeep,grand-cherokee,40794,222330, Dubai,Average,23.2
daihatsu,gran-max,18009,226686, Dubai,Average,21.71
volkswagen,gti,23722,112838, Dubai,Good,22.68
nissan,van,45983,282540, Sharjah,Bad,22.48
mercedes-benz,s-class,807188,15212, Dubai,Average,23.83
toyota,hilux,97124,101943, Dubai,Average,23.06
land-rover,range-rover,1150500,294622, Dubai,Bad,24.01
infiniti,q80,134871,47930, Dubai,Good,23.57
bmw,x7,467241,183394, Dubai,Average,24.64
infiniti,qx70,64047,126408, Dubai,Average,23.28
nissan,patrol,126007,162464, Dubai,Average,23.55
bmw,1-series,33001,204660, Dubai,Average,22.79
ford,mustang,55823,293691, Dubai,Average,22.99
nissan,titan,103943,270600, Sharjah,Bad,23.34
gmc,sierra,160251,83909, Dubai,Average,23.25
mercedes-benz,gl-class,105638,205851, Abu Dhabi,Bad,23.04
lexus,lx600,1082228,215185, Dubai,Bad,25.37
daihatsu,gran-max,21701,144748, Dubai,Average,21.71
dodge,durango,87959,14203, Dubai,Good,22.7
nissan,sunny,24587,153508, Dubai,Average,21.84
dodge,ram,179561,254692, Sharjah,Bad,23.82
toyota,fortuner,31500,46867, Dubai,Good,23.02
tesla,model-3,245390,63304, Abu Dhabi,Average,24.03
mitsubishi,pajero,64257,296553, Dubai,Bad,22.38
porsche,cayman,494793,126705, Dubai,Bad,23.9
tesla,model-3,242213,250961, Abu Dhabi,Bad,24.03
porsche,cayenne,71591,16521, Dubai,Good,23.65
jeep,wrangler-unlimited,118533,220803, Dubai,Average,23.69
bmw,3-series,188587,173150, Dubai,Bad,22.79
mitsubishi,lancer,26808,87763, Al Ain,Average,21.99
mercedes-benz,cla,96722,131299,Abu Dhabi,Average,23.56
chevrolet,camaro,41557,195999, Dubai,Average,23.14
land-rover,range-rover-sport,424322,88577, Dubai,Average,23.66
mazda,6,16052,99899, Dubai,Good,22.24
cadillac,xt6,194124,196641, Dubai,Average,24.54
land-rover,range-rover-sport,542329,183489, Dubai,Bad,23.66
infiniti,qx70,69135,66517, Dubai,Good,23.28
dodge,charger,53096,138248, Dubai,Average,22.92
mercedes-benz,g-class,1127608,82245, Dubai,Average,25.34
ford,mustang,47971,195531, Dubai,Average,22.99
hyundai,palisade,148953,214921, Dubai,Average,23.74
bmw,x5,74096,156693, Dubai,Average,23.44
chevrolet,silverado,187519,295691, Dubai,Bad,23.09
nissan,patrol,209002,183922, Abu Dhabi,Bad,23.55
porsche,boxster,184791,121339, Dubai,Average,23.73
mercedes-benz,gls-class,1274806,278366, Dubai,Bad,25.35
nissan,patrol,113513,34126, Dubai,Good,23.55
aston-martin,vanquish,470003,47317, Dubai,Good,24.87
porsche,panamera,103256,236029, Dubai,Average,23.6
toyota,land-cruiser,36690,51356, Ras Al Khaimah,Good,23.75
porsche,macan,273571,287586, Dubai,Bad,24.06
lexus,es-series,103215,50042, Ras Al Khaimah,Good,23.2
lotus,evora,397012,121221, Dubai,Average,24.38
dodge,ram,136526,232919, Dubai,Average,23.82
volkswagen,passat,27219,192378, Dubai,Average,22.03
toyota,land-cruiser,329470,20877, Dubai,Good,23.75
nissan,van,57907,129348, Ajman,Average,22.48
toyota,corolla,40822,54768, Dubai,Average,22.41
chevrolet,aveo,13729,229032, Dubai,Average,21.5
mercedes-benz,s-class,172331,152661, Ajman,Average,23.83
rolls-royce,cullinan,2974459,198719, Dubai,Average,26.41
renault,koleos,42466,28352, Dubai,Good,22.17
land-rover,range-rover-sport,102884,151323, Dubai,Average,23.66
nissan,xterra,117017,245452, Dubai,Bad,22.53
bentley,continental-gt,1947676,40098, Dubai,Average,24.83
infiniti,fx45fx35,51243,116619, Dubai,Average,22.13
hyundai,genesis,125068,220842, Dubai,Bad,23.26
dodge,ram,380481,58187, Dubai,Average,23.82
mercedes-benz,a-class,148895,179083, Dubai,Average,23.43
toyota,hilux,62868,231459, Dubai,Average,23.06
mercedes-benz,c-class,221358,204320, Dubai,Bad,23.43
jaguar,e-pace,222273,258539, Dubai,Average,24.5
rolls-royce,silver-spur,70004,277658, Dubai,Average,23.34
hyundai,tucson,54099,235504, Dubai,Average,22.72
audi,q7,55944,65118, Dubai,Good,22.96
cadillac,xts,106230,196077, Dubai,Bad,22.97
mercedes-benz,g-class,977251,104011, Dubai,Average,25.34
audi,a6,33477,103061, Dubai,Average,22.62
porsche,cayenne,171915,90957, Dubai,Average,23.65
dodge,charger,97949,211147, Dubai,Bad,22.92
jeep,grand-cherokee,65471,142200, Dubai,Good,23.2
maserati,quattroporte,34371,212392, Dubai,Good,23.68
mitsubishi,attrage,32903,284144, Dubai,Bad,22.13
ford,bronco,266620,81957, Dubai,Average,24.09
porsche,cayenne,168428,14023, Dubai,Good,23.65
volkswagen,gti,21204,21059, Dubai,Good,22.68
ford,f-series-pickup,236379,218786, Dubai,Average,23.73
ferrari,roma,1272305,111225, Dubai,Average,26.04
volkswagen,tiguan,73714,76479, Dubai,Average,22.97
mitsubishi,pajero,28768,184320, Dubai,Good,22.38
toyota,land-cruiser,23156,166582, Sharjah,Good,23.75
ford,mustang,85428,273097, Dubai,Bad,22.99
ford,bronco,193789,67489, Sharjah,Good,24.09
mercedes-benz,g-class,1010170,228884, Dubai,Bad,25.34
nissan,titan,23747,198699, Sharjah,Good,23.34
ford,explorer,37490,36269, Sharjah,Good,22.68
land-rover,range-rover-sport,152656,94551, Dubai,Average,23.66
nissan,pathfinder,50089,237041, Dubai,Bad,22.46
porsche,carrera,214211,298525, Dubai,Average,24.85
toyota,hilux,123153,122552, Dubai,Average,23.06
land-rover,range-rover-sport,254546,295560, Dubai,Bad,23.66
mini,cooper,54406,250375, Dubai,Average,22.84
rolls-royce,wraith,1270658,286196, Dubai,Bad,25.79
nissan,murano,11968,35111, Abu Dhabi,Good,21.28
land-rover,range-rover-sport,119419,219070, Dubai,Average,23.66
maybach,other,1106594,194337, Dubai,Average,25.83
mercedes-benz,c-class,82129,182737, Sharjah,Average,23.43
chevrolet,tahoe,53061,207719, Sharjah,Average,23.26
chevrolet,camaro,68235,25057, Dubai,Good,23.14
bmw,4-series,134011,228061, Dubai,Average,23.59
hyundai,santa-fe,17487,282115, Abu Dhabi,Average,22.65
toyota,land-cruiser,294597,44366, Dubai,Average,23.75
bmw,4-series,132576,120225, Dubai,Average,23.59
ford,f-series-pickup,298298,16290, Dubai,Good,23.73
bmw,x7,446007,94250, Dubai,Average,24.64
lamborghini,urus,1370795,116592, Dubai,Average,25.98
nissan,patrol,59809,222510, Sharjah,Average,23.55
cadillac,escalade,558926,57782, Dubai,Average,24.06
land-rover,range-rover-sport,223457,162587, Dubai,Average,23.66
toyota,prado,65357,244497, Sharjah,Average,23.27
mercedes-benz,viano,62051,100452, Sharjah,Good,23.26
bmw,3-series,79302,93927, Dubai,Average,22.79
mini,cooper,66317,218417, Dubai,Average,22.84
audi,r8,371022,235716, Dubai,Bad,24.34
toyota,scion,15008,148971, Dubai,Average,21.83
ford,pickup,270488,128110, Dubai,Average,23.79
nissan,patrol,217249,170849, Dubai,Bad,23.55
mitsubishi,l200,84001,30218, Dubai,Average,22.24
mitsubishi,pajero,56444,60243, Dubai,Average,22.38
bmw,x5,169226,152187, Dubai,Average,23.44
bmw,x5,19311,154489, Abu Dhabi,Good,23.44
maserati,quattroporte,32792,275126, Dubai,Good,23.68
rolls-royce,cullinan,2244898,291472, Dubai,Bad,26.41
ford,edge,31740,225718, Dubai,Average,22.31
bmw,7-series,409011,60001, Dubai,Average,23.72
mercedes-benz,amg,460277,198595, Dubai,Bad,24.31
toyota,land-cruiser,414921,50706, Dubai,Average,23.75
ford,taurus,19754,161293, Dubai,Average,22.42
porsche,panamera,520790,110091, Dubai,Bad,23.6
mercedes-benz,g-class,991092,287965, Dubai,Bad,25.34
dodge,ram,190822,272910, Dubai,Bad,23.82
chevrolet,camaro,57563,49393, Dubai,Good,23.14
porsche,panamera,201848,217256, Dubai,Bad,23.6
mitsubishi,pajero,40100,103575,Dubai,Average,22.38
mercedes-benz,e-class,218432,263690, Dubai,Bad,23.28
chevrolet,silverado,96942,213070, Dubai,Average,23.09
ford,mustang,56756,43418, Sharjah,Average,22.99
toyota,crown,13876,192633, Dubai,Average,21.71
maybach,57,362759,31884, Dubai,Good,24.17
toyota,camry,42876,191539, Dubai,Average,22.38
mercedes-benz,s-class,683246,141824, Dubai,Bad,23.83
porsche,panamera,349015,189204, Dubai,Bad,23.6
toyota,hiace,57146,59003, Dubai,Good,22.85
ford,bronco,260540,169855, Dubai,Average,24.09
volkswagen,other,162088,93916, Dubai,Average,23.24
porsche,carrera,149106,166419, Dubai,Good,24.85
porsche,cayenne,117160,293106, Dubai,Average,23.65
nissan,patrol,107862,97083, Dubai,Average,23.55
nissan,altima,67529,204480, Dubai,Bad,22.33
mercedes-benz,cls-class,419429,246989, Dubai,Bad,23.32
mitsubishi,pajero,42979,47031, Dubai,Good,22.38
audi,q7,28401,165386, Dubai,Bad,22.96
ferrari,sf90-stradale,2530315,179663, Dubai,Average,26.28
honda,odyssey,23274,44254, Dubai,Good,22.36
land-rover,range-rover,240555,179630, Dubai,Average,24.01
maserati,ghibli,97068,185559, Dubai,Average,23.81
mercedes-benz,s-class,254064,99211, Dubai,Average,23.83
toyota,highlander,97431,211091, Dubai,Average,23.44
volkswagen,id4,151775,187912, Dubai,Average,23.41
nissan,patrol,105224,271374, Dubai,Average,23.55
mitsubishi,pajero,34157,224636, Sharjah,Average,22.38
mercedes-benz,g-class,198818,277475, Abu Dhabi,Average,25.34
ford,ranger,104364,153090, Dubai,Average,23.16
jaguar,f-type,199696,41511, Dubai,Good,23.72
volkswagen,gti,54214,89986, Dubai,Average,22.68
mitsubishi,montero-sport,63009,267666, Dubai,Average,23.21
volkswagen,golfr,119182,35662, Dubai,Good,23.21
infiniti,fx50,19123,215468, Ajman,Average,21.86
hyundai,veloster,34434,18047, Dubai,Good,22.34
mini,cooper,42489,69357, Dubai,Good,22.84
maybach,other,1683182,176768, Dubai,Average,25.83
ford,f-series-pickup,415968,242046, Dubai,Average,23.73
bmw,x6,408010,53564, Dubai,Average,23.4
maserati,ghibli,149850,82800, Dubai,Average,23.81
hyundai,tucson,55190,277724, Dubai,Bad,22.72
nissan,murano,11200,54035, Dubai,Good,21.28
toyota,camry,79484,89486, Sharjah,Average,22.38
mercedes-benz,s-class,174241,106221, Ajman,Average,23.83
chevrolet,impala,49573,220592, Sharjah,Average,22.93
mercedes-benz,slk-class,95388,47872, Dubai,Average,22.16
infiniti,qx50,102197,148073, Abu Dhabi,Bad,22.66
jeep,grand-cherokee,32974,245731, Sharjah,Average,23.2
nissan,maxima,50580,260062, Dubai,Average,22.71
westfield-sportscars,special-edition,125791,98127, Dubai,Average,23.73
lexus,lx-series,154413,33862, Dubai,Good,23.54
nissan,juke,39316,82532, Dubai,Good,22.67
jaguar,f-type,137701,290256, Dubai,Average,23.72
volkswagen,tiguan,49224,140049, Dubai,Average,22.97
dodge,charger,113082,241825, Abu Dhabi,Bad,22.92
toyota,land-cruiser,136446,282843,Ajman,Average,23.75
mitsubishi,asx,50804,272594, Dubai,Bad,22.17
bmw,3-series,81187,226421, Dubai,Bad,22.79
porsche,carrera,989753,233464, Dubai,Bad,24.85
lexus,is-c,64927,164617, Sharjah,Bad,22.24
audi,s7rs7,98440,265032, Dubai,Bad,24.46
mercedes-benz,m-class,87266,245744, Dubai,Bad,22.73
toyota,fj-cruiser,132692,288752, Dubai,Bad,22.89
bmw,7-series,71761,271919, Dubai,Average,23.72
toyota,rav-4,40875,102238, Dubai,Average,22.64
nissan,x-trail,38819,281146, Sharjah,Average,22.82
dodge,challenger,98342,254886, Dubai,Bad,22.91
mazda,cx-5,110913,100367, Dubai,Average,22.68
mercedes-benz,s-class,238105,142327, Dubai,Average,23.83
gmc,sierra,178648,126452, Abu Dhabi,Average,23.25
ford,edge,38065,29776, Dubai,Good,22.31
maybach,s500,1032207,212510, Dubai,Average,25.7
mclaren,p1,14686975,120376, Dubai,Good,26.89
honda,cr-v,98372,115831, Dubai,Average,22.81
nissan,van,24990,149972, Dubai,Average,22.48
jeep,grand-cherokee,142097,194053, Dubai,Bad,23.2
ford,mustang,148716,201815, Dubai,Bad,22.99
mitsubishi,pajero,40746,20827, Dubai,Good,22.38
toyota,yaris,28463,172271, Dubai,Average,22.4
nissan,armada,207636,123914, Sharjah,Bad,22.21
lamborghini,aventador,2553079,275549, Dubai,Average,26.63
volkswagen,golf,45793,189384, Dubai,Average,23.12
mercedes-benz,glc,405167,243293, Abu Dhabi,Bad,24.02
renault,dokker,31582,272630, Dubai,Bad,22.02
audi,s3rs3,171073,134808, Dubai,Bad,23.4
bmw,x6,140137,235075, Sharjah,Bad,23.4
mercedes-benz,s-class,48795,118209, Sharjah,Good,23.83
dodge,charger,41931,252717, Dubai,Average,22.92
kia,sportage,15199,242825, Abu Dhabi,Average,22.53
dodge,challenger,130087,86553, Ajman,Average,22.91
ford,edge,26985,158346, Dubai,Average,22.31
ferrari,812-gts,2363537,79036, Dubai,Good,26.97
audi,q5,38143,282559, Dubai,Average,22.66
mercedes-benz,cla,100716,217083, Dubai,Average,23.56
land-rover,range-rover-sport,64414,290230,Abu Dhabi,Average,23.66
mercedes-benz,cls-class,95633,114222, Dubai,Average,23.32
jeep,wrangler,86594,53704, Dubai,Good,23.12
hyundai,azera,28611,281107, Abu Dhabi,Average,22.93
toyota,camry,113114,190728, Dubai,Bad,22.38
lexus,ls-series,29282,280872, Dubai,Bad,22.21
chevrolet,impala,63292,246872, Dubai,Average,22.93
mercedes-benz,s-class,254819,10270, Dubai,Good,23.83
toyota,rav-4,14648,90082, Sharjah,Good,22.64
nissan,patrol,110429,140189, Abu Dhabi,Average,23.55
toyota,fj-cruiser,105190,86861, Dubai,Average,22.89
mercedes-benz,g-class,1094820,201881, Abu Dhabi,Bad,25.34
nissan,maxima,71562,237736, Dubai,Bad,22.71
mitsubishi,lancer,24907,277035, Dubai,Bad,21.99
jeep,grand-cherokee,91234,158143, Dubai,Average,23.2
bmw,1-series,52861,196773, Dubai,Average,22.79
bmw,7-series,390029,92372, Dubai,Average,23.72
mini,cooper,26787,51681, Dubai,Good,22.84
aston-martin,vantage,200318,235854, Dubai,Good,24.78
bmw,z4,202445,248259, Dubai,Bad,23.16
mercedes-benz,g-class,686901,101053, Dubai,Average,25.34
honda,civic,70611,102425, Dubai,Average,22.43
mitsubishi,lancer,33123,215614, Dubai,Bad,21.99
bmw,7-series,166912,113013, Dubai,Average,23.72
land-rover,range-rover,225046,141061, Dubai,Average,24.01
mercedes-benz,v-class,827781,94711, Dubai,Good,24.93
infiniti,qx60,55681,53026, Dubai,Good,22.75
land-rover,range-rover-evoque,121976,76472, Dubai,Average,23.48
infiniti,ex35,29084,166471, Dubai,Average,22.01
hyundai,sonata,35161,28774, Sharjah,Good,22.32
ferrari,458-italia,743318,126936, Dubai,Average,24.59
mercedes-benz,gle-coupe,288050,19515, Dubai,Good,24.27
ford,explorer,57636,290497, Abu Dhabi,Bad,22.68
land-rover,range-rover,157100,98463, Dubai,Average,24.01
toyota,prado,181742,286251, Dubai,Bad,23.27
jeep,wrangler,100893,258454, Dubai,Bad,23.12
lexus,ls-series,71025,12681, Abu Dhabi,Good,22.21
chevrolet,tahoe,97760,133315, Sharjah,Average,23.26
jeep,grand-cherokee,40858,142912, Dubai,Good,23.2
mercedes-benz,s-class,44262,104373, Dubai,Good,23.83
lexus,is-series,36065,116459, Dubai,Average,22.79
bmw,7-series,193244,120869, Dubai,Average,23.72
hyundai,sonata,20686,19167, Sharjah,Good,22.32
toyota,fj-cruiser,72851,227502, Abu Dhabi,Average,22.89
mercedes-benz,g-class,961529,137906, Dubai,Good,25.34
jeep,wrangler-unlimited,167819,26257, Abu Dhabi,Good,23.69
toyota,land-cruiser,195304,178537, Dubai,Average,23.75
toyota,fj-cruiser,93570,180692, Dubai,Average,22.89
maserati,levante,213633,58290, Dubai,Average,23.91
jeep,grand-cherokee,339924,125655, Dubai,Bad,23.2
land-rover,range-rover,31973,125197, Dubai,Good,24.01
mercedes-benz,s-class,231805,219327, Dubai,Bad,23.83
toyota,tundra,102100,12021, Dubai,Good,23.3
nissan,sunny,10704,213087, Ajman,Average,21.84
porsche,cayman,101975,272779, Dubai,Average,23.9
bentley,continental-gt,710018,33078, Dubai,Good,24.83
toyota,prado,77781,242613, Dubai,Good,23.27
land-rover,range-rover,341010,197346, Dubai,Bad,24.01
land-rover,range-rover-evoque,170961,18264, Dubai,Good,23.48
toyota,prado,142731,116097, Sharjah,Average,23.27
renault,symbol,28880,90605, Dubai,Average,22.03
kia,sorento,30977,81591, Dubai,Average,22.18
land-rover,range-rover-sport,148378,145807, Dubai,Average,23.66
bmw,7-series,306292,277321, Sharjah,Bad,23.72
bmw,x5,348791,121990, Dubai,Bad,23.44
mercedes-benz,cls-class,54829,48212, Abu Dhabi,Good,23.32
aston-martin,db11,492066,206291, Dubai,Average,25.48
bmw,5-series,174509,276254, Dubai,Bad,23.2
dodge,ram,154462,62064, Dubai,Good,23.82
nissan,x-trail,54342,257318, Abu Dhabi,Average,22.82
ford,f-series-pickup,85708,222197, Dubai,Average,23.73
mazda,6,16211,282567, Dubai,Average,22.24
toyota,camry,163917,214353, Dubai,Bad,22.38
cadillac,escalade,569875,296315, Dubai,Bad,24.06
land-rover,range-rover-evoque,55965,261622, Sharjah,Average,23.48
mitsubishi,pajero,49288,232600, Dubai,Bad,22.38
toyota,prado,81341,99762, Dubai,Average,23.27
mercedes-benz,cl-class,22239,120772, Dubai,Average,22.3
bmw,3-series,46760,115786, Dubai,Average,22.79
kia,sorento,12311,14873, Dubai,Good,22.18
chevrolet,silverado,108304,57123, Dubai,Average,23.09
dodge,ram,285138,236404, Dubai,Bad,23.82
ford,f-series-pickup,222172,103785, Abu Dhabi,Average,23.73
mercedes-benz,v-class,450577,288514, Dubai,Average,24.93
bmw,3-series,58067,106259, Dubai,Average,22.79
bmw,7-series,266162,13854, Dubai,Good,23.72
land-rover,defender,313744,103960, Dubai,Average,24.57
mazda,6,18468,34753, Dubai,Good,22.24
mercedes-benz,gl-class,114468,29194, Dubai,Good,23.04
porsche,carrera,444207,273784, Abu Dhabi,Average,24.85
mercedes-benz,e-class,69370,154768, Dubai,Average,23.28
bmw,x5,87728,156503, Dubai,Average,23.44
toyota,land-cruiser,161510,69538, Dubai,Average,23.75
mercedes-benz,s-class,45641,132592, Sharjah,Good,23.83
audi,s8,318057,89795, Abu Dhabi,Average,23.83
toyota,fj-cruiser,153234,14541, Dubai,Good,22.89
mercedes-benz,e-class-coupe,495313,61846, Dubai,Bad,23.42
bentley,continental-gt,326173,192573, Dubai,Average,24.83
jeep,grand-cherokee,35953,20941, Abu Dhabi,Good,23.2
dodge,charger,123773,219840, Dubai,Bad,22.92
toyota,land-cruiser,28672,236307, Sharjah,Good,23.75
nissan,maxima,62339,112406, Dubai,Average,22.71
bmw,x1,149435,29834, Abu Dhabi,Average,22.88
nissan,patrol,345057,185039, Dubai,Bad,23.55
nissan,altima,20650,222056, Abu Dhabi,Average,22.33
lexus,ls-series,126473,110049, Sharjah,Bad,22.21
gmc,sierra,69711,157890, Dubai,Average,23.25
audi,q3,59601,148317, Dubai,Average,23.11
rolls-royce,cullinan,2515401,112046, Dubai,Average,26.41
chevrolet,camaro,204500,122524, Dubai,Bad,23.14
toyota,prado,69211,166425, Dubai,Average,23.27
chevrolet,cruze,28474,151617, Dubai,Average,21.73
mercedes-benz,cls-class,137567,15296, Ajman,Good,23.32
mercedes-benz,cls-class,65151,263337, Dubai,Average,23.32
mercedes-benz,gt,414063,72608, Dubai,Good,25.2
land-rover,range-rover-sport,610297,211005, Dubai,Bad,23.66
toyota,tundra,66676,102590, Dubai,Bad,23.3
nissan,patrol,117902,206268, Dubai,Average,23.55
mercedes-benz,cls-class,20933,103886, Dubai,Good,23.32
bmw,x6,280174,245173, Dubai,Bad,23.4
toyota,land-cruiser,434624,295297, Dubai,Bad,23.75
bentley,bentayga,822768,204186, Dubai,Average,25.29
volkswagen,id4,110106,131689, Dubai,Bad,23.41
cadillac,escalade,559800,58086, Dubai,Average,24.06
lexus,ls-series,30973,231324, Dubai,Average,22.21
ford,edge,20722,255839, Dubai,Average,22.31
mini,cooper,85706,225344, Dubai,Bad,22.84
bmw,x5,97667,172796, Dubai,Average,23.44
mazda,6,39792,83560, Dubai,Average,22.24
tesla,model-s,272057,186892,Abu Dhabi,Average,24.35
mercedes-benz,c-class,39448,181682, Dubai,Good,23.43
dodge,durango,39856,153284, Dubai,Bad,22.7
dodge,ram,57974,31493, Al Ain,Good,23.82
dodge,charger,105776,90704, Dubai,Average,22.92
toyota,highlander,160278,107652, Sharjah,Average,23.44
gmc,terrain,19676,140244, Dubai,Average,22.13
land-rover,range-rover,222044,33480, Dubai,Good,24.01
toyota,land-cruiser-76-series,111373,296743, Abu Dhabi,Average,23.54
porsche,carrera,454202,108710, Dubai,Average,24.85
toyota,prado,114837,117266, Abu Dhabi,Average,23.27
bentley,bentayga,828065,10979, Dubai,Good,25.29
dodge,ram,99586,27940, Dubai,Good,23.82
volkswagen,id4,142225,88263, Dubai,Average,23.41
jeep,grand-cherokee,91816,248575, Dubai,Average,23.2
mercedes-benz,s-class,174081,209784, Dubai,Average,23.83
mercedes-benz,c-class,60600,237533, Dubai,Average,23.43
mercedes-benz,g-class,163503,48536, Dubai,Good,25.34
lexus,ls-series,26212,23880, Dubai,Good,22.21
hyundai,h1,20213,70096, Sharjah,Good,22.18
mercedes-benz,g-class,1382298,237055, Dubai,Bad,25.34
lexus,ls-series,44856,179094, Abu Dhabi,Average,22.21
honda,hr-v,74288,115943, Dubai,Average,22.72
infiniti,q70,83631,247070, Abu Dhabi,Average,23.13
bmw,x5,80758,166593, Dubai,Average,23.44
volkswagen,jetta,21959,108879, Dubai,Average,21.98
bmw,x5,57956,194079, Dubai,Average,23.44
porsche,panamera,96919,14188, Dubai,Good,23.6
ford,edge,24993,113860, Dubai,Average,22.31
lamborghini,other,1061627,35456, Dubai,Good,25.29
dodge,challenger,98446,48624, Dubai,Average,22.91
toyota,hilux,116373,128140, Dubai,Average,23.06
lexus,rx-series,150795,222639, Al Ain,Bad,23.18
lexus,is-series,120601,258870, Dubai,Bad,22.79
ford,focus,10152,211157, Dubai,Average,22.1
kia,sportage,41907,109753, Dubai,Average,22.53
porsche,panamera,172647,31782, Dubai,Good,23.6
porsche,carrera,473323,140047, Dubai,Average,24.85
bentley,continental,249450,298714, Dubai,Bad,24.16
toyota,prado,111347,215705, Dubai,Average,23.27
cadillac,escalade,49249,243401, Sharjah,Good,24.06
nissan,patrol,134991,265092, Abu Dhabi,Bad,23.55
chevrolet,silverado,138392,260214, Dubai,Bad,23.09
gmc,yukon,348037,261502, Dubai,Bad,23.58
nissan,pathfinder,38186,254332, Sharjah,Average,22.46
nissan,armada,25044,24784, Dubai,Good,22.21
volkswagen,tiguan,100054,14183, Dubai,Good,22.97
mercedes-benz,g-class,780596,239986, Dubai,Bad,25.34
lexus,rx-series,91268,190699, Dubai,Average,23.18
porsche,macan,237676,105789, Dubai,Average,24.06
hyundai,azera,72404,190530, Dubai,Good,22.93
toyota,corolla-cross,94340,94536, Dubai,Average,22.27
bmw,x5,48702,62774, Dubai,Good,23.44
mercedes-benz,e-class,60688,276649, Dubai,Average,23.28
gmc,acadia,25372,286926, Abu Dhabi,Bad,22.23
toyota,fj-cruiser,62926,135379, Dubai,Average,22.89
bmw,3-series,36670,286929, Dubai,Average,22.79
toyota,fj-cruiser,98753,29840, Dubai,Good,22.89
kia,cerato,32976,127746, Dubai,Average,22.51
bmw,5-series,83459,210138, Dubai,Average,23.2
land-rover,range-rover,478450,207954, Dubai,Bad,24.01
honda,hr-v,52295,283781, Dubai,Bad,22.72
hyundai,tucson,82205,94637, Dubai,Average,22.72
chevrolet,suburban,121074,290379, Sharjah,Bad,23.36
audi,q5,197483,137002, Dubai,Bad,22.66
audi,q7,85821,120983, Dubai,Average,22.96
mitsubishi,pajero,80133,136962, Dubai,Bad,22.38
toyota,hilux,99392,65832, Dubai,Average,23.06
audi,a6,50809,84300, Dubai,Average,22.62
toyota,tundra,118425,62846, Sharjah,Good,23.3
isuzu,other,101000,213835, Dubai,Bad,22.62
honda,cr-v,20326,270495, Abu Dhabi,Average,22.81
porsche,carrera,343319,121105, Dubai,Average,24.85
mercedes-benz,s-class,535045,104776, Dubai,Bad,23.83
toyota,prado,68155,25746, Dubai,Good,23.27
nissan,pathfinder,40934,153547, Dubai,Average,22.46
mercedes-benz,gle-coupe,277983,222254, Dubai,Average,24.27
dodge,charger,16125,12089, Dubai,Good,22.92
mercedes-benz,g-class,1495862,256078, Dubai,Bad,25.34
bmw,x4,340471,275869, Dubai,Bad,24.28
land-rover,range-rover,23837,293123, Dubai,Good,24.01
lexus,ls-series,51622,219140, Dubai,Bad,22.21
mitsubishi,pajero,47130,67680, Dubai,Average,22.38
jaguar,xj-series,73991,94681, Dubai,Average,22.78
ford,bronco,309065,59332, Dubai,Average,24.09
porsche,boxster,214602,148521, Dubai,Average,23.73
ford,edge,12615,20863, Dubai,Good,22.31
toyota,land-cruiser,386935,45916, Dubai,Average,23.75
bmw,3-series,32618,52817, Dubai,Good,22.79
bmw,x6,214683,251796, Dubai,Bad,23.4
ford,f-series-pickup,65258,57851, Abu Dhabi,Good,23.73
nissan,patrol,187823,269059, Dubai,Bad,23.55
nissan,patrol,144029,293852, Sharjah,Bad,23.55
honda,jazz,22461,232612, Dubai,Average,22.2
mercedes-benz,gls-class,1351150,191381, Dubai,Bad,25.35
mercedes-benz,e-class,77542,60587, Dubai,Good,23.28
mercedes-benz,v-class,390386,93714, Dubai,Average,24.93
toyota,corolla,18001,227977, Sharjah,Average,22.41
toyota,land-cruiser,79862,178729, Dubai,Average,23.75
volkswagen,other,106400,46625, Dubai,Good,23.24
bmw,x6,328589,258219, Dubai,Bad,23.4
mercedes-benz,amg,340753,231326, Dubai,Bad,24.31
ford,fiesta,12052,17712, Dubai,Good,21.38
hyundai,santa-fe,115476,174967, Dubai,Bad,22.65
ford,explorer,62548,85453, Dubai,Average,22.68
mercedes-benz,g-class,1201576,282497, Dubai,Bad,25.34
honda,accord,26538,257358, Dubai,Average,22.26
bmw,x5,158358,271847, Dubai,Bad,23.44
renault,other,90539,228096, Dubai,Average,23.69
bmw,x5,469842,223251, Dubai,Bad,23.44
mercedes-benz,e-class,169297,253922, Sharjah,Bad,23.28
mercedes-benz,g-class,641954,168961, Dubai,Average,25.34
mercedes-benz,e-class,263945,286849, Dubai,Bad,23.28
nissan,patrol,56189,75978, Dubai,Average,23.55
lexus,es-series,21467,103936, Dubai,Good,23.2
bentley,continental-flying-spur,402779,159219, Dubai,Average,24.37
toyota,rav-4,60134,107539, Dubai,Average,22.64
land-rover,defender,208715,38568, Dubai,Good,24.57
jeep,grand-cherokee,21400,70611, Dubai,Good,23.2
infiniti,q70,83366,287473, Dubai,Bad,23.13
jeep,compass,59115,31593, Dubai,Good,23.15
lotus,evora,389925,102565, Dubai,Average,24.38
porsche,boxster,51691,41117, Dubai,Good,23.73
land-rover,range-rover-sport,55579,102715, Dubai,Good,23.66
porsche,panamera,141256,247155, Dubai,Average,23.6
mercedes-benz,e-class,288834,102766, Sharjah,Bad,23.28
chevrolet,caprice,26809,93532, Dubai,Average,22.12
nissan,quest,31666,70112, Dubai,Average,22.15
jeep,grand-cherokee,30436,175616, Dubai,Good,23.2
land-rover,range-rover-sport,21662,61835, Sharjah,Good,23.66
gmc,acadia,17794,271401, Sharjah,Average,22.23
nissan,tiida,16089,232856, Dubai,Average,21.78
mitsubishi,outlander,26841,15009, Dubai,Good,22.36
porsche,cayenne,37983,56710, Dubai,Good,23.65
mercedes-benz,e-class,44546,272579, Dubai,Average,23.28
jeep,gladiator,231527,208258, Dubai,Average,24.26
porsche,carrera,737665,147231, Dubai,Average,24.85
audi,s7rs7,711127,44773, Dubai,Average,24.46
toyota,hilux,148695,236866, Dubai,Average,23.06
lexus,rx-series,59499,33361, Dubai,Good,23.18
nissan,altima,15638,257594, Abu Dhabi,Average,22.33
nissan,altima,122029,263777, Dubai,Bad,22.33
land-rover,lr4,94189,264385, Dubai,Bad,23.14
nissan,patrol,113342,277079, Dubai,Average,23.55
jeep,wrangler,60392,66215, Dubai,Good,23.12
nissan,xterra,133535,137202, Dubai,Bad,22.53
nissan,patrol,177009,258131, Dubai,Bad,23.55
lexus,ux-200,159955,238687, Abu Dhabi,Average,23.97
lamborghini,huracan,936833,104779, Dubai,Bad,25.57
toyota,land-cruiser-76-series,139994,71399, Dubai,Average,23.54
ford,f-series-pickup,65042,33790, Dubai,Good,23.73
bmw,6-series,22996,127255, Dubai,Good,23.02
land-rover,lr3,23344,52952, Dubai,Good,22.21
mercedes-benz,gle-coupe,209447,104248, Dubai,Average,24.27
mercedes-benz,a-class,46718,294059, Abu Dhabi,Bad,23.43
infiniti,q70,61236,227623, Sharjah,Average,23.13
mitsubishi,pajero,58970,209375, Dubai,Bad,22.38
rolls-royce,cullinan,2222611,30635, Dubai,Good,26.41
nissan,x-trail,54988,242575, Dubai,Average,22.82
renault,koleos,88932,294796, Dubai,Bad,22.17
hyundai,sonata,25741,213468, Sharjah,Average,22.32
mercedes-benz,g-class,789479,36574, Dubai,Good,25.34
ford,explorer,83155,23114, Dubai,Good,22.68
nissan,patrol,78098,211308, Dubai,Average,23.55
mazda,6,36257,132736, Dubai,Average,22.24
bentley,continental-gt,1436085,148302, Dubai,Bad,24.83
bmw,x7,356154,227849, Dubai,Average,24.64
toyota,corolla,58447,296857, Dubai,Bad,22.41
rolls-royce,wraith,548526,161291, Dubai,Average,25.79
toyota,camry,40933,69798, Sharjah,Average,22.38
kia,sportage,42563,219589, Dubai,Average,22.53
bmw,6-series,24045,219829, Dubai,Average,23.02
nissan,sunny,20835,205036, Dubai,Average,21.84
mercedes-benz,sl-class,138209,213741, Dubai,Average,23.45
toyota,land-cruiser,233663,288171, Dubai,Bad,23.75
toyota,prado,84418,97067, Abu Dhabi,Average,23.27
peugeot,208,27104,236049, Dubai,Bad,21.05
porsche,carrera,766722,110610, Dubai,Average,24.85
nissan,murano,17597,76914, Dubai,Average,21.28
audi,a3,69722,75665, Dubai,Average,22.95
hyundai,other,42106,167990, Sharjah,Bad,21.7
nissan,kicks,57557,97326, Sharjah,Average,22.56
bmw,x6,42631,72393, Dubai,Good,23.4
infiniti,q80,130654,249357, Abu Dhabi,Average,23.57
land-rover,range-rover-sport,317226,297473, Dubai,Bad,23.66
bmw,x5,181710,207977, Dubai,Bad,23.44
mercedes-benz,glc,108536,247168, Sharjah,Average,24.02
lincoln,mkx,24738,191594, Sharjah,Average,22.51
mercedes-benz,c-class,38682,16269, Dubai,Good,23.43
chevrolet,corvette,122039,174061, Dubai,Average,23.91
land-rover,range-rover,247920,262465, Dubai,Bad,24.01
mercedes-benz,g-class,1230178,201321, Dubai,Bad,25.34
mercedes-benz,cls-class,366038,82090, Dubai,Bad,23.32
toyota,hilux,76078,19109, Dubai,Good,23.06
jaguar,xf,23196,46641, Dubai,Good,22.53
peugeot,3008,71687,76394, Dubai,Bad,22.34
ferrari,488,2686880,36516, Dubai,Average,25.86
toyota,land-cruiser,343930,60527, Dubai,Average,23.75
ferrari,sf90-stradale,2033648,14745, Dubai,Good,26.28
audi,q8,736651,248994, Dubai,Bad,24.67
mercedes-benz,cls-class,25223,21939, Dubai,Good,23.32
honda,civic,43939,30405, Abu Dhabi,Good,22.43
porsche,carrera,1087433,15651, Dubai,Good,24.85
cadillac,ctscatera,30054,296278, Abu Dhabi,Average,22.88
mercedes-benz,m-class,76949,282175, Dubai,Bad,22.73
mercedes-benz,s-class,139303,99564, Dubai,Average,23.83
mitsubishi,pajero,69403,89904, Dubai,Average,22.38
peugeot,208,13892,220784, Ajman,Bad,21.05
nissan,sunny,26195,117827, Abu Dhabi,Average,21.84
ford,edge,76770,225303, Dubai,Bad,22.31
bmw,7-series,57400,114361, Ajman,Good,23.72
land-rover,defender,274477,249103, Dubai,Average,24.57
toyota,hilux,95341,19959, Dubai,Good,23.06
mercedes-benz,glc,200850,258612, Dubai,Average,24.02
hyundai,sonata,48280,14726, Sharjah,Good,22.32
mitsubishi,lancer,47387,285510, Dubai,Bad,21.99
porsche,macan,263020,22241, Dubai,Good,24.06
ford,f-series-pickup,117370,273821, Sharjah,Average,23.73
lexus,rx-series,153467,63779, Dubai,Bad,23.18
dodge,challenger,174758,35111, Dubai,Average,22.91
jeep,wrangler-unlimited,102752,258324, Dubai,Average,23.69
toyota,hiace,47086,30504, Dubai,Good,22.85
mercedes-benz,cls-class,86297,109456, Dubai,Average,23.32
volkswagen,gti,161750,52323, Dubai,Average,22.68
lexus,rx-series,112548,167789, Dubai,Average,23.18
lexus,ux-200,187291,292631, Dubai,Bad,23.97
mercedes-benz,gle-coupe,616742,69327, Dubai,Average,24.27
bmw,x5,239935,57728, Dubai,Average,23.44
toyota,tundra,97257,48584, Sharjah,Good,23.3
infiniti,jxseries,50302,280760,Abu Dhabi,Bad,22.1
audi,q8,328176,233430, Dubai,Average,24.67
nissan,patrol,178964,166703, Abu Dhabi,Average,23.55
mercedes-benz,e-class,101114,221534, Dubai,Average,23.28
nissan,tiida,15988,103932, Dubai,Bad,21.78
land-rover,range-rover,425816,204316, Dubai,Bad,24.01
toyota,pickup,115132,210793, Dubai,Average,23.31
toyota,camry,22483,118485, Ajman,Average,22.38
rolls-royce,dawn,1041963,41098, Dubai,Good,26.22
jeep,grand-cherokee,32360,239362, Abu Dhabi,Average,23.2
hyundai,palisade,141003,117012, Dubai,Average,23.74
bmw,x5,248668,70963, Abu Dhabi,Average,23.44
land-rover,range-rover-sport,385327,294866, Dubai,Bad,23.66
nissan,patrol,75677,75673, Dubai,Good,23.55
jaguar,xf,55318,71921, Dubai,Average,22.53
mini,cooper,70183,177870, Dubai,Average,22.84
nissan,patrol,97628,160914, Abu Dhabi,Average,23.55
hyundai,sonata,92460,292779, Dubai,Bad,22.32
hyundai,sonata,61676,99415, Dubai,Average,22.32
porsche,panamera,292855,39608, Dubai,Average,23.6
bmw,x6,173858,299257, Dubai,Bad,23.4
infiniti,qx56,53076,11409, Dubai,Good,21.07
dodge,charger,239303,239712, Dubai,Average,22.92
ford,bronco,219233,90599, Dubai,Average,24.09
volvo,v-class,99489,151621, Dubai,Average,23.06
gmc,sierra,142343,14360, Dubai,Good,23.25
jeep,wrangler,162080,273349, Dubai,Bad,23.12
jeep,grand-cherokee,196365,261806, Dubai,Bad,23.2
land-rover,range-rover-sport,381311,199305, Dubai,Bad,23.66
toyota,land-cruiser,165226,167655, Dubai,Average,23.75
infiniti,qx70,123487,88431, Abu Dhabi,Average,23.28
nissan,murano,43657,104737, Dubai,Bad,21.28
lexus,rx-series,158264,56396, Dubai,Average,23.18
mercedes-benz,c-class,185251,62748, Dubai,Average,23.43
land-rover,range-rover-sport,210614,67945, Dubai,Average,23.66
chevrolet,tahoe,135697,260014, Dubai,Bad,23.26
maserati,quattroporte,318529,200224, Dubai,Bad,23.68
porsche,carrera,437128,224343, Dubai,Average,24.85
isuzu,other,75590,176494, Dubai,Bad,22.62
lexus,lx-series,172222,253456, Abu Dhabi,Bad,23.54
mercedes-benz,g-class,1759146,190609, Dubai,Bad,25.34
mazda,cx-9,60113,125548, Dubai,Average,22.57
bmw,x5,52736,150481, Dubai,Average,23.44
volkswagen,touareg,38704,106386, Dubai,Average,22.79
toyota,land-cruiser,225617,100880, Dubai,Average,23.75
tesla,model-s,270906,238954, Abu Dhabi,Average,24.35
ford,explorer,101014,46867, Dubai,Average,22.68
cadillac,ctscatera,182490,64358, Dubai,Average,22.88
honda,accord,67429,45097, Sharjah,Average,22.26
volkswagen,passat,23122,269337, Ajman,Average,22.03
honda,crosstour,52894,266374, Dubai,Average,23.33
nissan,patrol,82376,218596, Sharjah,Average,23.55
bmw,5-series,76276,283432, Dubai,Average,23.2
land-rover,range-rover-sport,644642,130716, Dubai,Bad,23.66
infiniti,q80,194567,291966, Dubai,Bad,23.57
aston-martin,dbs,1084969,203019, Dubai,Good,26.22
mercedes-benz,g-class,849839,193627, Dubai,Average,25.34
rolls-royce,cullinan,1960280,63660, Dubai,Good,26.41
volkswagen,passat,28101,26751, Fujeirah,Good,22.03
bmw,3-series,39717,179945, Dubai,Average,22.79
honda,accord,38693,108073, Dubai,Average,22.26
mercedes-benz,c-class,85359,221427, Sharjah,Average,23.43
jeep,cherokee,42305,190110, Sharjah,Average,22.54
mitsubishi,pajero,31023,156229, Dubai,Average,22.38
jeep,wrangler-unlimited,107223,280600, Dubai,Average,23.69
mercedes-benz,c-class,154975,211755, Dubai,Bad,23.43
nissan,patrol,80139,94183, Dubai,Good,23.55
lexus,es-series,248448,57765, Dubai,Average,23.2
toyota,camry,15376,100501, Dubai,Good,22.38
bentley,continental-gt,208644,273172, Dubai,Average,24.83
toyota,hiace,43502,208113, Sharjah,Average,22.85
audi,rsq3,290377,155872, Dubai,Average,24.63
toyota,avanza,21351,177870, Dubai,Average,22.13
dodge,ram,174950,129706, Dubai,Average,23.82
mercedes-benz,e-class,47886,169586, Dubai,Average,23.28
land-rover,lr4,76166,179725, Abu Dhabi,Average,23.14
hyundai,santa-fe,110123,28469, Ajman,Good,22.65
ford,edge,36011,18052, Dubai,Good,22.31
mercedes-benz,c-class-coupe,112290,255669, Dubai,Average,23.69
volkswagen,golf,73601,297761, Sharjah,Average,23.12
land-rover,range-rover,164765,119026, Dubai,Average,24.01
nissan,patrol,333851,232110, Dubai,Average,23.55
land-rover,range-rover-velar,323579,89201, Dubai,Average,24.1
bmw,7-series,297369,134011, Dubai,Average,23.72
mercedes-benz,glc-63,387262,97868, Dubai,Average,24.46
renault,koleos,42875,13469, Dubai,Good,22.17
porsche,panamera,549292,31441, Dubai,Average,23.6
maserati,quattroporte,110937,128133, Dubai,Average,23.68
jeep,cherokee,73528,294258, Dubai,Bad,22.54
ford,mustang,99537,108186, Dubai,Average,22.99
kia,picanto,22409,112964, Dubai,Average,21.4
bmw,x6,121187,252905, Dubai,Bad,23.4
mercedes-benz,sl-class,218765,91509, Abu Dhabi,Average,23.45
porsche,cayenne,444016,96542, Dubai,Bad,23.65
mercedes-benz,gle-coupe,539220,203405, Dubai,Bad,24.27
toyota,hilux,46998,174614, Sharjah,Average,23.06
mercedes-benz,g-class,1213552,148561, Dubai,Average,25.34
lamborghini,urus,1059765,140724, Dubai,Average,25.98
nissan,patrol,155393,255942, Dubai,Bad,23.55
dodge,challenger,62048,292730, Dubai,Bad,22.91
lamborghini,aventador,3324525,32919, Dubai,Good,26.63
mercedes-benz,c-class,140188,103163, Dubai,Average,23.43
maserati,quattroporte,127506,261437, Dubai,Average,23.68
bmw,x3,109214,225915, Dubai,Average,23.6
mitsubishi,l200,39116,265726, Dubai,Bad,22.24
honda,city,39902,246145, Dubai,Average,22.37
toyota,corolla-cross,112509,210136, Dubai,Bad,22.27
maserati,levante,316942,67723, Dubai,Average,23.91
ford,mustang,147974,156780, Dubai,Bad,22.99
volkswagen,arteon,110244,66930, Dubai,Average,22.41
chevrolet,impala,36410,204568, Sharjah,Average,22.93
gmc,yukon,37807,107104, Dubai,Good,23.58
toyota,rush,56724,278993, Dubai,Average,22.83
gmc,acadia,16267,131157, Sharjah,Good,22.23
isuzu,other,29507,14446, Sharjah,Good,22.62
lexus,lx-series,22647,209095, Sharjah,Good,23.54
mazda,3,40284,143187, Dubai,Average,22.7
bmw,8-series,466497,13657, Dubai,Good,24.45
land-rover,range-rover-sport,311633,131961, Dubai,Bad,23.66
rolls-royce,ghost,1877914,186478, Dubai,Bad,25.43
alfa-romeo,giulia,100379,31032, Dubai,Good,23.9
jeep,wrangler,134829,51217, Abu Dhabi,Average,23.12
mercedes-benz,s-class,35683,26515, Dubai,Good,23.83
mercedes-benz,c-class,122342,168686, Dubai,Average,23.43
honda,hr-v,85958,38560, Dubai,Good,22.72
bmw,3-series,164946,43964, Dubai,Average,22.79
mercedes-benz,c-class,299361,254840, Dubai,Bad,23.43
toyota,hilux,163089,128277, Dubai,Bad,23.06
mitsubishi,lancer,28278,80370, Dubai,Good,21.99
lamborghini,huracan,2103619,129267, Dubai,Average,25.57
renault,captur,43752,255069, Dubai,Average,22.53
lincoln,mkx,28982,139936, Dubai,Average,22.51
gmc,yukon,364486,224529, Dubai,Bad,23.58
gmc,yukon,299991,161036, Dubai,Bad,23.58
bentley,bentayga,639348,217852, Dubai,Average,25.29
porsche,cayenne,79929,179353, Dubai,Average,23.65
land-rover,range-rover,291043,130456, Dubai,Average,24.01
jeep,wrangler,67084,127846, Dubai,Average,23.12
land-rover,range-rover-sport,109625,213630, Dubai,Average,23.66
lamborghini,urus,1556968,25785, Dubai,Good,25.98
gmc,terrain,44834,54987, Dubai,Average,22.13
nissan,patrol,136926,129110, Dubai,Average,23.55
volkswagen,jetta,27273,17549, Dubai,Good,21.98
gmc,yukon,256277,129073, Dubai,Average,23.58
bmw,x6,508730,58653, Dubai,Bad,23.4
jeep,wrangler,71525,164457, Abu Dhabi,Average,23.12
toyota,rav-4,77864,264342, Dubai,Bad,22.64
land-rover,range-rover,251023,13240, Dubai,Good,24.01
nissan,van,71154,17656, Dubai,Good,22.48
porsche,macan,248542,126385, Dubai,Good,24.06
cadillac,escalade,156628,162257, Dubai,Average,24.06
dodge,charger,41430,290857, Dubai,Average,22.92
maserati,levante,310954,48943, Dubai,Average,23.91
nissan,maxima,45431,136674, Dubai,Average,22.71
ferrari,488,1655206,35571, Dubai,Good,25.86
mitsubishi,pajero,33295,56802, Dubai,Good,22.38
jeep,grand-cherokee,77848,142750, Abu Dhabi,Average,23.2
mercedes-benz,g-class,89530,79537, Sharjah,Good,25.34
hyundai,elantra,49271,15687, Dubai,Good,22.28
lexus,rx-series,173341,184215, Dubai,Bad,23.18
audi,q7,48313,168959, Dubai,Average,22.96
mercedes-benz,s-class,74127,127587, Dubai,Good,23.83
nissan,patrol,203612,86089, Dubai,Average,23.55
nissan,sunny,16136,16137, Dubai,Good,21.84
lexus,rx-series,206788,191043, Sharjah,Bad,23.18
ferrari,f8-tributo,1425995,162527, Dubai,Average,25.97
audi,q5,28291,134447, Dubai,Average,22.66
ford,bronco,223909,288267, Dubai,Bad,24.09
mercedes-benz,g-class,665561,205732, Dubai,Average,25.34
maserati,quattroporte,176851,60894, Dubai,Average,23.68
chevrolet,tahoe,251954,275490, Dubai,Bad,23.26
nissan,sentra,26249,229721, Dubai,Average,22.04
mercedes-benz,gls-class,868874,227003, Dubai,Average,25.35
bentley,continental-flying-spur,441371,279456, Dubai,Bad,24.37
mercedes-benz,e-class,95016,201872, Dubai,Average,23.28
mercedes-benz,v-class,361466,198392, Dubai,Average,24.93
mitsubishi,l200,42850,22942, Dubai,Good,22.24
porsche,panamera,120285,118463, Sharjah,Average,23.6
audi,a4,38310,216257, Dubai,Average,22.63
jeep,wrangler,67320,296963, Abu Dhabi,Average,23.12
maserati,levante,139492,259368, Dubai,Average,23.91
mercedes-benz,gls-class,1370242,285161, Dubai,Bad,25.35
bmw,x5,73864,114574, Dubai,Average,23.44
mitsubishi,xpander,51963,181227, Dubai,Average,23.11
mercedes-benz,cla,123284,74713, Dubai,Good,23.56
ford,taurus,27344,262001, Dubai,Average,22.42
gmc,savana,48263,64506, Abu Dhabi,Good,22.62
nissan,sentra,29184,186179, Abu Dhabi,Average,22.04
rolls-royce,phantom,1104375,45238, Dubai,Good,25.69
audi,q2,91559,226087, Dubai,Average,23.58
infiniti,q70,60696,184117, Dubai,Average,23.13
toyota,camry,75511,72292, Sharjah,Average,22.38
rolls-royce,cullinan,2412691,209688, Dubai,Average,26.41
mercedes-benz,glc,300812,159037, Dubai,Average,24.02
dodge,charger,44214,40460, Sharjah,Good,22.92
mercedes-benz,e-class,206128,108666, Dubai,Average,23.28
toyota,land-cruiser,116912,120062, Dubai,Average,23.75
nissan,altima,49292,246740, Dubai,Bad,22.33
ford,focus,22190,203729, Dubai,Average,22.1
audi,s7rs7,545056,122992, Dubai,Average,24.46
chevrolet,tahoe,100151,183211, Abu Dhabi,Average,23.26
mercedes-benz,gl-class,27428,277388, Sharjah,Average,23.04
toyota,fortuner,96105,231731, Dubai,Bad,23.02
porsche,carrera,874800,248464, Dubai,Bad,24.85
maserati,quattroporte,33178,198765, Dubai,Good,23.68
cadillac,escalade,554401,173011, Dubai,Bad,24.06
dodge,challenger,37389,26858, Dubai,Good,22.91
audi,q7,46130,97314, Dubai,Good,22.96
toyota,hiace,16378,134330,Abu Dhabi,Good,22.85
toyota,fortuner,86139,295615, Dubai,Bad,23.02
nissan,patrol,48823,249716, Dubai,Average,23.55
honda,odyssey,30615,219643, Dubai,Bad,22.36
renault,duster,37298,113102, Dubai,Average,22.4
ford,f-series-pickup,162477,224854, Dubai,Average,23.73
mitsubishi,pajero,72079,11124, Dubai,Good,22.38
cadillac,escalade,278096,105301, Dubai,Average,24.06
jaguar,xj-series,55588,142917, Dubai,Average,22.78
mercedes-benz,s-class,1382906,240655, Dubai,Bad,23.83
jeep,wrangler-unlimited,233151,221732, Dubai,Bad,23.69
nissan,patrol,63592,57331, Sharjah,Good,23.55
maserati,granturismo,139436,41796, Dubai,Good,23.26
toyota,land-cruiser,231008,183747, Abu Dhabi,Bad,23.75
gmc,yukon,39057,204102, Abu Dhabi,Good,23.58
land-rover,range-rover-sport,225611,218918, Dubai,Bad,23.66
nissan,maxima,57481,253665, Dubai,Bad,22.71
bmw,x5,134706,39112, Sharjah,Good,23.44
dodge,challenger,40858,211550, Dubai,Average,22.91
mercedes-benz,g-class,1100234,299677, Dubai,Bad,25.34
bentley,continental-gt,203458,250819, Dubai,Average,24.83
bmw,8-series,396256,270782, Dubai,Bad,24.45
lexus,lx600,634244,206718, Dubai,Average,25.37
ford,pickup,434396,204194, Dubai,Bad,23.79
toyota,camry,33189,180434, Sharjah,Average,22.38
mitsubishi,pajero,41887,66688, Dubai,Average,22.38
land-rover,range-rover-sport,129562,285154, Dubai,Average,23.66
bmw,7-series,170450,279697, Dubai,Bad,23.72
land-rover,range-rover-sport,387142,276078, Dubai,Bad,23.66
mercedes-benz,s-class,622940,201297, Dubai,Bad,23.83
toyota,fortuner,103097,44479, Dubai,Good,23.02
land-rover,range-rover-sport,46125,68168, Dubai,Average,23.66
mercedes-benz,s-class,133385,250530, Dubai,Average,23.83
mercedes-benz,s-class,818592,209003, Dubai,Bad,23.83
jaguar,xf,114132,183215, Dubai,Bad,22.53
nissan,patrol,137465,174225, Abu Dhabi,Average,23.55
nissan,altima,23172,290775, Dubai,Average,22.33
toyota,land-cruiser,478958,143326, Dubai,Bad,23.75
ford,edge,17193,36228, Dubai,Good,22.31
mercedes-benz,c-class-coupe,112106,228387, Sharjah,Average,23.69
lamborghini,aventador,1120339,183559, Dubai,Average,26.63
jaguar,xj6,47106,199060, Abu Dhabi,Average,22.96
toyota,prado,68344,223486, Dubai,Average,23.27
ferrari,f12,533904,118071, Dubai,Bad,25.19
jeep,wrangler-unlimited,139009,210971, Dubai,Bad,23.69
jeep,grand-cherokee,64626,254207, Dubai,Average,23.2
bmw,5-series,22611,39776, Dubai,Good,23.2
ford,edge,151409,71169, Dubai,Bad,22.31
dodge,charger,81170,15609, Dubai,Good,22.92
ferrari,488-gtb,732935,90295, Dubai,Average,25.55
porsche,cayenne,109573,245242, Sharjah,Average,23.65
nissan,altima,34978,113259, Dubai,Average,22.33
mercedes-benz,g-class,827444,287247, Dubai,Good,25.34
nissan,patrol,59048,201039, Abu Dhabi,Average,23.55
audi,q5,31621,23671, Dubai,Average,22.66
volkswagen,touareg,130909,156691, Dubai,Bad,22.79
toyota,hilux,77825,72320, Dubai,Average,23.06
honda,accord,52153,267010, Dubai,Bad,22.26
mitsubishi,pajero,39936,19078, Dubai,Good,22.38
gmc,sierra,64346,122805, Sharjah,Average,23.25
volkswagen,scirocco,39022,37761, Dubai,Average,21.58
gmc,yukon,176509,273559, Dubai,Average,23.58
mitsubishi,montero-sport,95395,102422, Dubai,Average,23.21
mercedes-benz,s-class,299561,102553, Dubai,Average,23.83
dodge,challenger,103355,211677, Abu Dhabi,Bad,22.91
audi,rsq3,385365,131711, Dubai,Average,24.63
nissan,patrol,99573,223329, Abu Dhabi,Average,23.55
toyota,land-cruiser,70615,236551, Dubai,Average,23.75
ford,edge,43457,236883, Dubai,Bad,22.31
audi,a6,78330,52872, Dubai,Average,22.62
toyota,prado,119696,201617, Dubai,Average,23.27
porsche,panamera,192406,147997, Dubai,Average,23.6
bmw,x2,183675,261666, Dubai,Average,23.93
audi,a3,69599,237097, Dubai,Average,22.95
ford,expedition,180807,57452, Dubai,Average,23.1
audi,a7,105655,251245, Dubai,Bad,22.85
mitsubishi,pajero,62060,93627, Dubai,Average,22.38
toyota,land-cruiser,123157,175609, Dubai,Average,23.75
toyota,tacoma,70738,269619, Ajman,Average,23.34
audi,s3rs3,152374,294325, Dubai,Bad,23.4
bmw,3-series,25284,51236, Dubai,Good,22.79
porsche,carrera,218810,257515, Dubai,Average,24.85
land-rover,range-rover,134473,194335, Dubai,Average,24.01
toyota,yaris,53850,79476, Dubai,Average,22.4
bmw,z4,203239,70644, Dubai,Average,23.16
bmw,5-series,25496,204654, Dubai,Good,23.2
jeep,wrangler-unlimited,176518,87820, Dubai,Average,23.69
land-rover,range-rover,341541,98191, Dubai,Average,24.01
nissan,kicks,44323,80305, Dubai,Average,22.56
nissan,altima,37129,202789, Dubai,Average,22.33
mercedes-benz,s-class,336927,146478, Dubai,Bad,23.83
mitsubishi,l200,77186,85402, Dubai,Average,22.24
rolls-royce,wraith,694635,295827, Dubai,Average,25.79
aston-martin,vantage,508394,290504, Dubai,Bad,24.78
renault,duster,25705,232438, Dubai,Average,22.4
mitsubishi,lancer,34337,167997, Al Ain,Average,21.99
land-rover,range-rover-sport,802937,93790, Dubai,Bad,23.66
kia,optima,30623,105902, Dubai,Average,22.47
audi,q5,219819,64368, Dubai,Bad,22.66
land-rover,range-rover-sport,226836,18640, Dubai,Good,23.66
land-rover,defender,365330,23034, Abu Dhabi,Good,24.57
ford,mustang,54009,68179, Dubai,Good,22.99
lexus,rx-series,180754,260235, Dubai,Bad,23.18
audi,q7,147267,214414, Dubai,Bad,22.96
lexus,rx-series,156962,295149, Dubai,Bad,23.18
ford,edge,27102,88296, Dubai,Good,22.31
nissan,patrol,116533,216574, Dubai,Average,23.55
suzuki,baleno,53755,286980, Dubai,Bad,22.47
porsche,cayenne,371801,278548, Dubai,Bad,23.65
infiniti,qx60,39057,18387, Dubai,Good,22.75
jeep,grand-cherokee,76674,292697, Abu Dhabi,Average,23.2
audi,a8,49799,163297, Dubai,Average,23.13
land-rover,range-rover,666123,65969, Dubai,Average,24.01
volkswagen,id6,158628,131622, Dubai,Bad,23.97
nissan,patrol,128092,289289, Abu Dhabi,Bad,23.55
porsche,carrera,116532,109187, Dubai,Good,24.85
lexus,rx-series,52528,216050, Dubai,Average,23.18
lamborghini,urus,1355096,168796, Dubai,Average,25.98
kia,optima,65218,288709, Fujeirah,Bad,22.47
mercedes-benz,g-class,1098492,87725, Dubai,Average,25.34
porsche,carrera,410487,206108, Dubai,Average,24.85
porsche,carrera,795652,156512, Dubai,Average,24.85
land-rover,range-rover,178950,153103, Sharjah,Average,24.01
bmw,5-series,59919,71333, Dubai,Bad,23.2
volkswagen,passat,65689,161571, Sharjah,Bad,22.03
lexus,lx-series,77476,135923, Abu Dhabi,Average,23.54
jeep,grand-cherokee,214746,10575, Dubai,Good,23.2
rolls-royce,dawn,2470177,109465, Dubai,Average,26.22
audi,q8,293626,147088, Abu Dhabi,Average,24.67
nissan,murano,14243,20893, Dubai,Good,21.28
lamborghini,urus,2537447,107265, Dubai,Average,25.98
mini,cooper,96550,49894, Dubai,Average,22.84
hyundai,veracruz,19255,179432, Dubai,Average,21.62
ford,mustang,71377,232652, Dubai,Average,22.99
toyota,prado,83000,80257, Dubai,Average,23.27
toyota,tundra,106471,14564, Dubai,Good,23.3
mercedes-benz,gls-class,378198,252515, Dubai,Average,25.35
porsche,cayenne,426339,136522, Dubai,Bad,23.65
ford,mustang,65524,80085, Dubai,Bad,22.99
bmw,7-series,92678,299837, Dubai,Average,23.72
toyota,rav-4,51033,239778, Dubai,Average,22.64
cadillac,srx,46557,251461, Abu Dhabi,Bad,22.35
mitsubishi,pajero,79558,19576, Dubai,Good,22.38
nissan,patrol,141932,78315, Abu Dhabi,Average,23.55
honda,odyssey,56578,55233, Dubai,Average,22.36
cadillac,dtsde-ville,98860,219826, Dubai,Average,23.8
porsche,panamera,320734,279406, Dubai,Bad,23.6
nissan,altima,58468,194346, Sharjah,Bad,22.33
toyota,corolla,78104,286327, Abu Dhabi,Bad,22.41
toyota,land-cruiser,91233,120082, Dubai,Average,23.75
gmc,acadia,85628,44557, Sharjah,Average,22.23
ford,expedition,33619,130203,Abu Dhabi,Good,23.1
maserati,quattroporte,113772,165623, Dubai,Average,23.68
infiniti,q50,68840,69332, Dubai,Average,22.82
porsche,cayenne,242658,118902, Dubai,Average,23.65
ford,fusion,14885,37482, Dubai,Good,21.7
jeep,wrangler-unlimited,60745,190374, Sharjah,Good,23.69
mercedes-benz,gl-class,28394,161998, Sharjah,Good,23.04
nissan,pathfinder,79074,158565, Dubai,Bad,22.46
bmw,x5,53792,152915, Dubai,Average,23.44
lotus,evora,406204,268884, Dubai,Bad,24.38
ford,pickup,114317,38205, Dubai,Good,23.79
porsche,cayenne,146802,31082, Dubai,Good,23.65
bmw,6-series,51194,79797, Dubai,Good,23.02
nissan,altima,33161,295740, Dubai,Bad,22.33
mercedes-benz,c-class-coupe,94373,262708, Dubai,Good,23.69
mercedes-benz,s-class,272073,187846, Dubai,Bad,23.83
cadillac,xts,80010,17572, Dubai,Good,22.97
ford,f-series-pickup,179453,260424, Dubai,Bad,23.73
mercedes-benz,c-class,201001,119929, Sharjah,Average,23.43
rolls-royce,phantom,636260,189667, Dubai,Average,25.69
toyota,hilux,37056,215742, Dubai,Average,23.06
bmw,7-series,194394,142215, Dubai,Average,23.72
toyota,prado,152998,284447, Abu Dhabi,Bad,23.27
mitsubishi,pajero,67019,121444, Dubai,Average,22.38
mercedes-benz,cls-class,50999,40376, Abu Dhabi,Good,23.32
nissan,patrol,254147,214014, Dubai,Bad,23.55
chevrolet,camaro,52708,113172, Dubai,Average,23.14
land-rover,range-rover,284428,196947, Dubai,Bad,24.01
lexus,lx-series,282800,249385, Sharjah,Bad,23.54
ford,f-series-pickup,248608,178942, Abu Dhabi,Bad,23.73
toyota,land-cruiser,169218,288131, Dubai,Good,23.75
bmw,7-series,33587,61275, Dubai,Good,23.72
gmc,yukon,301419,136098, Dubai,Bad,23.58
dodge,charger,14705,227665, Dubai,Good,22.92
ferrari,458-spider,779535,222964, Dubai,Average,25.68
jeep,wrangler,103022,208769, Dubai,Average,23.12
jeep,other,388104,282320, Dubai,Average,25
bmw,7-series,403671,190482, Dubai,Bad,23.72
dodge,charger,45311,178634, Dubai,Average,22.92
maserati,levante,228768,75394, Dubai,Average,23.91
bmw,2-series,129631,291357, Dubai,Average,23.74
gmc,sierra,286577,237407, Dubai,Bad,23.25
lexus,ls-series,34551,246747, Dubai,Average,22.21
gmc,yukon,155083,39469, Dubai,Good,23.58
chevrolet,silverado,69388,273300, Dubai,Average,23.09
nissan,patrol,96358,77087, Dubai,Good,23.55
bmw,x7,484612,29483, Dubai,Good,24.64
toyota,sienna,34376,99444, Sharjah,Average,22.29
audi,rs6,718325,178470, Dubai,Bad,24.75
bmw,x5,58049,209623, Dubai,Average,23.44
bmw,7-series,431863,187344, Dubai,Bad,23.72
kia,sportage,34193,96689, Dubai,Bad,22.53
bmw,x3,39573,214677, Dubai,Good,23.6
toyota,land-cruiser,157787,188085,Ajman,Average,23.75
ford,edge,25173,143604, Dubai,Average,22.31
audi,s3rs3,239540,119290, Dubai,Average,23.4
porsche,cayenne,48106,30037, Dubai,Good,23.65
ford,bronco,299826,85561, Dubai,Average,24.09
porsche,macan,152578,60666, Dubai,Good,24.06
toyota,rav-4,54835,236587, Umm Al Qawain,Average,22.64
kia,sorento,44721,138968, Dubai,Average,22.18
mercedes-benz,glc,148796,25909, Dubai,Good,24.02
dodge,charger,46726,296175, Dubai,Average,22.92
mercedes-benz,amg,616817,96951, Dubai,Average,24.31
bmw,7-series,154139,197922, Dubai,Average,23.72
porsche,cayenne,380035,193415, Dubai,Bad,23.65
saab,9-Mar,22091,93757, Dubai,Bad,21.45
nissan,patrol,392287,42416, Abu Dhabi,Average,23.55
mitsubishi,pajero,29789,152891, Dubai,Average,22.38
lexus,rx-series,192976,177866, Sharjah,Bad,23.18
lexus,gx-series,122689,179894, Dubai,Average,23.27
hyundai,genesis,109625,284813, Dubai,Bad,23.26
mercedes-benz,cls-class,83666,210841, Dubai,Average,23.32
land-rover,range-rover,128667,82633, Dubai,Good,24.01
ford,figo,20405,92158, Sharjah,Average,21.61
nissan,juke,38980,93732, Dubai,Average,22.67
mercedes-benz,cls-class,343640,124865, Dubai,Bad,23.32
mercedes-benz,v-class,197267,208180, Dubai,Average,24.93
jaguar,xf,21228,98552, Dubai,Good,22.53
land-rover,range-rover,542598,133362, Dubai,Bad,24.01
mercedes-benz,v-class,365635,283841, Dubai,Average,24.93
nissan,patrol,217402,101163, Ajman,Average,23.55
jaguar,f-type,237270,20651, Dubai,Good,23.72
audi,q5,240348,282542, Dubai,Bad,22.66
mercedes-benz,viano,62853,20561, Sharjah,Good,23.26
porsche,macan,205773,97938, Dubai,Average,24.06
ford,other,142092,263721, Sharjah,Good,24.12
porsche,carrera,759591,262871, Dubai,Bad,24.85
toyota,land-cruiser,54586,250367, Sharjah,Average,23.75
subaru,legacy,27344,21165, Abu Dhabi,Average,20.18
mercedes-benz,g-class,790732,12916, Dubai,Good,25.34
jeep,wrangler-unlimited,114810,128916, Dubai,Average,23.69
toyota,land-cruiser,190251,169026,Ajman,Average,23.75
chevrolet,silverado,175546,34183, Dubai,Average,23.09
lincoln,mkt,32281,62220, Dubai,Good,22.53
toyota,land-cruiser,264424,125734, Dubai,Average,23.75
mercedes-benz,e-class,183848,246724, Dubai,Bad,23.28
jaguar,xj-series,50399,248312, Dubai,Average,22.78
acura,rdx,124271,231490, Dubai,Bad,23.26
bmw,x6,266553,215158, Dubai,Bad,23.4
honda,pilot,52445,33089, Dubai,Good,22.71
mercedes-benz,g-class,1137340,197760, Dubai,Bad,25.34
volkswagen,tiguan,26449,90347, Dubai,Good,22.97
ford,explorer,121492,92419, Dubai,Average,22.68
mercedes-benz,c-class,97707,219304, Sharjah,Average,23.43
bmw,x4,192984,278122, Dubai,Average,24.28
infiniti,qx50,52330,133247, Sharjah,Average,22.66
infiniti,q70,76450,102318, Sharjah,Average,23.13
lincoln,mks,28733,154739, Dubai,Average,21.9
bmw,x1,126573,160393, Dubai,Bad,22.88
audi,e-tron,398477,217948, Dubai,Average,24.76
toyota,land-cruiser,550615,11042, Dubai,Good,23.75
fiat,500x,58523,124560, Dubai,Average,22.52
mercedes-benz,e-class,264441,121019, Dubai,Bad,23.28
kia,cerato,35962,290066, Sharjah,Average,22.51
land-rover,range-rover-sport,75444,102729, Dubai,Good,23.66
bmw,x5,186608,23709, Dubai,Good,23.44
mercedes-benz,r-class,16005,299507, Sharjah,Average,22.11
nissan,navara,119796,24413, Dubai,Average,22.03
land-rover,defender,774791,12096, Abu Dhabi,Good,24.57
mercedes-benz,s-class,170862,140460, Dubai,Average,23.83
nissan,patrol,184353,21963, Dubai,Good,23.55
toyota,prado,126888,37206, Dubai,Good,23.27
nissan,altima,47470,152397, Dubai,Average,22.33
chevrolet,tahoe,117200,122471, Dubai,Average,23.26
ford,figo,17016,278229, Dubai,Bad,21.61
rolls-royce,cullinan,2062071,162118, Dubai,Average,26.41
mercedes-benz,s-class,50431,226548, Dubai,Average,23.83
land-rover,range-rover,357694,209215, Dubai,Bad,24.01
toyota,hilux,197221,154944, Dubai,Bad,23.06
nissan,armada,32386,269267, Dubai,Bad,22.21
lexus,lx-series,26776,130888, Sharjah,Good,23.54
gmc,yukon,119217,93047, Dubai,Average,23.58
mercedes-benz,s-class,272519,57339, Dubai,Average,23.83
ford,f-series-pickup,184095,251629, Dubai,Bad,23.73
mitsubishi,l200,31358,16498, Sharjah,Good,22.24
volvo,s-class,138775,137847, Dubai,Good,22.95
audi,q8,734967,237530, Dubai,Bad,24.67
infiniti,ex35,16047,211933, Abu Dhabi,Average,22.01
bentley,continental-gt,238798,26937, Dubai,Good,24.83
mercedes-benz,g-class,692802,117037,Al Ain,Average,25.34
land-rover,range-rover-sport,38181,11637, Dubai,Average,23.66
renault,captur,22376,247786, Abu Dhabi,Average,22.53
mercedes-benz,e-class,46434,131010, Dubai,Good,23.28
jeep,wrangler,89151,37252, Dubai,Good,23.12
mercedes-benz,c-class,36270,203123, Ajman,Good,23.43
kia,optima,39241,247893, Dubai,Average,22.47
mini,countryman,140123,64094, Dubai,Average,23.16
gmc,terrain,50384,17628, Dubai,Good,22.13
mercedes-benz,c-class,190847,99723, Dubai,Good,23.43
land-rover,range-rover-sport,63862,72274, Dubai,Good,23.66
infiniti,q50,102327,232654, Dubai,Bad,22.82
nissan,patrol,133271,63527, Dubai,Average,23.55
audi,a5,16091,47649, Dubai,Bad,23.36
mercedes-benz,s-class,656527,38985, Sharjah,Average,23.83
ford,mustang,283950,279619, Dubai,Bad,22.99
dodge,challenger,115283,92195, Dubai,Average,22.91
audi,q8,568426,70121, Dubai,Average,24.67
baic,bj40l,106330,190311, Dubai,Average,23.73
chevrolet,captiva,28648,284191, Dubai,Average,22.36
land-rover,range-rover,252668,195401, Dubai,Average,24.01
nissan,patrol,143269,292896, Dubai,Bad,23.55
land-rover,range-rover-sport,828941,285567, Dubai,Bad,23.66
volkswagen,id4,117614,105962, Dubai,Average,23.41
lincoln,mkx,75146,186933, Dubai,Average,22.51
nissan,pathfinder,64462,142709, Abu Dhabi,Average,22.46
ford,escape,15089,229944,Abu Dhabi,Average,22.09
porsche,carrera,489896,25506, Abu Dhabi,Good,24.85
toyota,prado,42415,269777, Dubai,Average,23.27
mercedes-benz,glk,33423,190787, Dubai,Average,21.97
lexus,lx-series,85402,245603, Sharjah,Average,23.54
mazda,6,14650,91445, Dubai,Good,22.24
mercedes-benz,c-class,193022,82983, Dubai,Average,23.43
toyota,fj-cruiser,76414,73686, Dubai,Average,22.89
nissan,xterra,16137,97049, Sharjah,Good,22.53
toyota,land-cruiser,173764,146199, Dubai,Average,23.75
hyundai,santa-fe,66453,77111, Dubai,Average,22.65
mazda,6,32218,100525, Dubai,Average,22.24
nissan,patrol,327759,294889, Dubai,Bad,23.55
tesla,model-x,315985,195723, Dubai,Bad,23.8
ferrari,roma,1167560,289168, Dubai,Average,26.04
bmw,3-series,17754,107557, Dubai,Good,22.79
nissan,xterra,23434,111515, Dubai,Good,22.53
toyota,86,68301,24134, Dubai,Good,22.75
maserati,quattroporte,287449,250439, Dubai,Bad,23.68
mercedes-benz,s-class,527717,93298, Dubai,Bad,23.83
gmc,yukon,131487,17127, Sharjah,Good,23.58
porsche,panamera,413372,77044, Dubai,Average,23.6
mercedes-benz,slr,4249664,135872, Dubai,Bad,26.56
land-rover,range-rover,450859,93446, Dubai,Good,24.01
mitsubishi,lancer,38197,215184, Dubai,Average,21.99
land-rover,range-rover,254716,260018, Dubai,Bad,24.01
jeep,grand-cherokee,72170,250900, Dubai,Average,23.2
bmw,x6,139177,35077, Dubai,Good,23.4
toyota,camry,15220,261503, Dubai,Average,22.38
nissan,pathfinder,28767,20011, Dubai,Good,22.46
nissan,navara,116454,28986, Dubai,Average,22.03
cadillac,escalade,177623,171668, Dubai,Average,24.06
porsche,cayenne,384290,247794, Dubai,Average,23.65
bmw,x5,142843,133494, Sharjah,Average,23.44
porsche,cayman,204318,212851, Dubai,Average,23.9
lexus,rx-series,47485,241839, Dubai,Average,23.18
porsche,panamera,92682,239971, Dubai,Average,23.6
mercedes-benz,e-class-coupe,316738,178380, Dubai,Bad,23.42
toyota,corolla,44454,243915, Dubai,Bad,22.41
land-rover,range-rover,257217,84694, Dubai,Average,24.01
nissan,titan,100846,258833, Sharjah,Average,23.34
land-rover,range-rover-sport,130276,113092, Dubai,Average,23.66
mercedes-benz,e-class,189335,97834, Dubai,Average,23.28
porsche,cayman,90179,51783, Dubai,Good,23.9
nissan,patrol,249656,224108, Dubai,Bad,23.55
rolls-royce,cullinan,2192479,207851, Dubai,Average,26.41
land-rover,range-rover-evoque,105220,205193, Dubai,Average,23.48
audi,s3rs3,57557,117559, Dubai,Good,23.4
land-rover,range-rover-sport,287006,192346, Dubai,Bad,23.66
mercedes-benz,g-class,860833,54012, Dubai,Good,25.34
chevrolet,silverado,22688,43877, Dubai,Good,23.09
lexus,ls-series,329249,165726, Dubai,Bad,22.21
nissan,patrol,94413,18060, Sharjah,Good,23.55
bmw,x5,155168,56440, Abu Dhabi,Average,23.44
porsche,panamera,85774,84820, Sharjah,Good,23.6
bmw,4-series,281220,71077, Dubai,Average,23.59
jeep,grand-cherokee,92647,293352, Dubai,Bad,23.2
land-rover,range-rover-velar,190499,99439, Sharjah,Average,24.1
ford,escape,59480,164456,Dubai,Bad,22.09
land-rover,range-rover,246857,268244, Ajman,Bad,24.01
mini,countryman,55071,179218, Dubai,Average,23.16
bentley,continental-gt,532500,288479, Dubai,Bad,24.83
chevrolet,silverado,121672,21784, Sharjah,Good,23.09
mercedes-benz,e-class,287809,158648, Dubai,Bad,23.28
lamborghini,urus,1018515,92770, Dubai,Average,25.98
toyota,prado,73957,149512, Sharjah,Average,23.27
lexus,rx-series,189744,221868, Sharjah,Bad,23.18
audi,q7,56557,204529, Dubai,Average,22.96
bmw,6-series,88450,55224, Dubai,Good,23.02
toyota,c-hr,130027,85509, Dubai,Average,23.34
porsche,panamera,74843,278502, Sharjah,Average,23.6
hyundai,sonata,40419,149254, Sharjah,Average,22.32
land-rover,lr4,92775,242785, Dubai,Bad,23.14
mercedes-benz,g-class,872005,217884, Dubai,Average,25.34
mercedes-benz,slk-class,142204,253123, Dubai,Bad,22.16
kia,quoris,54346,174735, Dubai,Average,23.04
bmw,x5,42273,282840, Dubai,Average,23.44
chevrolet,suburban,28628,225127, Sharjah,Good,23.36
infiniti,q60,49544,28620, Abu Dhabi,Good,22.14
nissan,patrol,435213,208569, Dubai,Bad,23.55
nissan,patrol,201166,100630, Abu Dhabi,Average,23.55
ford,f-series-pickup,488059,36606, Dubai,Average,23.73
nissan,patrol,173005,38929, Dubai,Good,23.55
dodge,ram,140753,234754, Dubai,Average,23.82
porsche,cayenne,25221,106660, Dubai,Good,23.65
jeep,grand-cherokee,30170,244186, Abu Dhabi,Average,23.2
kia,sedona,44572,188918, Dubai,Average,22.96
bmw,7-series,164093,119988, Dubai,Average,23.72
lotus,evora,390380,66282, Dubai,Average,24.38
audi,q7,191687,30982, Dubai,Average,22.96
peugeot,partner,39822,76652, Dubai,Good,22.62
mercedes-benz,c-class,240175,62142, Dubai,Average,23.43
kia,optima,54753,196220, Sharjah,Average,22.47
jeep,wrangler,49119,105577, Abu Dhabi,Good,23.12
infiniti,jxseries,47693,250223,Abu Dhabi,Bad,22.1
mercedes-benz,s-class,54589,124323, Sharjah,Good,23.83
ford,mustang,51573,23600, Abu Dhabi,Good,22.99
mercedes-benz,gt,2441514,90485, Dubai,Bad,25.2
jaguar,xk,93002,129779, Dubai,Average,23.01
porsche,carrera,269523,141959, Dubai,Average,24.85
bentley,continental-gt,205228,253708, Dubai,Average,24.83
ferrari,488,1620748,285541, Dubai,Bad,25.86
mercedes-benz,s-class,250930,245100, Dubai,Bad,23.83
jeep,grand-cherokee,267458,272664, Dubai,Bad,23.2
land-rover,range-rover-sport,496137,181111, Dubai,Bad,23.66
porsche,cayenne,224300,209717, Sharjah,Bad,23.65
nissan,patrol,95692,260278, Dubai,Average,23.55
ford,explorer,102992,192057, Dubai,Bad,22.68
mercedes-benz,gle-class,254173,202039, Dubai,Average,24.33
mazda,cx-9,83450,26396, Dubai,Good,22.57
nissan,patrol,262975,103743, Dubai,Average,23.55
mercedes-benz,c-class,15110,267897, Dubai,Good,23.43
ford,f-series-pickup,341596,112545, Sharjah,Average,23.73
mercedes-benz,g-class,1411783,236701, Dubai,Good,25.34
bmw,x5,153958,137365, Sharjah,Good,23.44
nissan,sentra,29720,261465, Dubai,Bad,22.04
honda,odyssey,32786,143200, Dubai,Average,22.36
toyota,land-cruiser,83680,66086, Dubai,Good,23.75
lexus,lx600,771641,171020, Dubai,Average,25.37
infiniti,qx70,128600,277632, Dubai,Bad,23.28
volkswagen,gti,41470,10827, Dubai,Bad,22.68
mercedes-benz,gt,1729606,63725, Dubai,Bad,25.2
mercedes-benz,e-class,54671,158662, Sharjah,Average,23.28
mitsubishi,attrage,31724,207443, Dubai,Average,22.13
volkswagen,tiguan,107809,56968, Dubai,Average,22.97
bmw,5-series,68207,227510, Dubai,Average,23.2
nissan,altima,33311,133763, Sharjah,Average,22.33
mercedes-benz,e-class,169406,191100, Dubai,Bad,23.28
bmw,x7,417419,166103, Dubai,Average,24.64
mercedes-benz,g-class,1884657,281316, Dubai,Bad,25.34
lexus,gs-series,29683,63889, Dubai,Good,22.3
ford,mustang,70453,238586, Dubai,Average,22.99
bmw,7-series,352262,190754, Dubai,Bad,23.72
toyota,prado,75002,172967, Dubai,Average,23.27
jeep,wrangler-unlimited,144077,192274, Dubai,Good,23.69
ford,figo,20508,149585, Sharjah,Average,21.61
honda,civic,31586,254881, Dubai,Average,22.43
honda,accord,39592,29944, Dubai,Good,22.26
bentley,continental-gt,304759,260114, Al Ain,Average,24.83
porsche,cayenne,365698,270237, Abu Dhabi,Bad,23.65
tesla,model-3,229425,61871, Dubai,Average,24.03
peugeot,expert,40876,288305, Dubai,Average,22.55
mercedes-benz,c-class,93382,101893, Dubai,Average,23.43
mercedes-benz,s-class,188173,192106, Dubai,Average,23.83
dodge,ram,425004,299996, Dubai,Bad,23.82
land-rover,range-rover,557010,54591, Dubai,Average,24.01
honda,pilot,122782,104818, Abu Dhabi,Average,22.71
volkswagen,golf,61378,150739, Dubai,Average,23.12
bmw,5-series,232471,124312, Dubai,Bad,23.2
jeep,wrangler,125950,184764, Abu Dhabi,Bad,23.12
ferrari,f12,1013846,203558, Dubai,Bad,25.19
honda,civic,41829,221853, Abu Dhabi,Average,22.43
bmw,8-series,363566,68105, Dubai,Average,24.45
bmw,x6,224130,232709, Dubai,Bad,23.4
ferrari,488-gtb,686346,180646, Dubai,Average,25.55
ford,explorer,84488,274473, Dubai,Bad,22.68
toyota,prado,83135,123050, Dubai,Average,23.27
lamborghini,urus,1637938,288541, Dubai,Bad,25.98
porsche,macan,263374,291012, Dubai,Bad,24.06
nissan,patrol,132986,199988, Dubai,Average,23.55
toyota,tundra,286157,61690, Abu Dhabi,Average,23.3
bmw,6-series,182618,13559, Abu Dhabi,Good,23.02
bmw,m3,525876,264490, Dubai,Bad,24.33
dodge,charger,180730,193315, Dubai,Bad,22.92
kia,sorento,21730,112791, Dubai,Average,22.18
nissan,murano,31019,134883, Dubai,Bad,21.28
mercedes-benz,e-class,125443,66400, Dubai,Average,23.28
kia,sorento,74914,102942, Dubai,Average,22.18
toyota,land-cruiser,380952,11657, Dubai,Good,23.75
peugeot,partner,40961,90150, Dubai,Average,22.62
land-rover,range-rover-velar,157585,122429, Dubai,Average,24.1
chevrolet,camaro,83164,86886, Dubai,Average,23.14
audi,s7rs7,202581,297732, Abu Dhabi,Average,24.46
audi,s3rs3,199000,127264, Dubai,Average,23.4
mitsubishi,outlander,57359,290591, Dubai,Bad,22.36
nissan,navara,33179,84741, Dubai,Average,22.03
nissan,juke,39287,135009, Dubai,Average,22.67
